externalId,name,nameEn,category,icon,portionName,portionGrams,allergens,traces,dietTags,source,kcal,proteins,carbohydrates,sugars,fiber,fat,saturatedFat,transFat,monounsaturatedFat,polyunsaturatedFat,epa,dha,cholesterolMg,sodiumMg,potassiumMg,calciumMg,ironMg,magnesiumMg,phosphorusMg,zincMg,vitaminCMg,vitaminD_ug,vitaminK_ug,folate_ug,vitaminB12_ug,caffeineMg,glycemicIndex
turkomp:barbunya_kuru,Barbunya (kuru),"Barbunya fasulyesi, kuru",Baklagil,🫘,1 porsiyon (kuru),60.0,,,,"TürKomp, Ulusal Gıda Kompozisyon Veri Tabanı v1.0 (https://turkomp.tarimorman.gov.tr/)",299.0,21.07,62.01,2.41,23.21,1.46,1.46,,,,,,,2.0,1511.0,427.0,8.32,158.0,420.0,2.5,,,,,,0,
turkomp:kuru_fasulye,Kuru fasulye,"Fasulye, dermason, kuru",Baklagil,🫘,1 porsiyon (kuru),60.0,,,,"TürKomp, Ulusal Gıda Kompozisyon Veri Tabanı v1.0 (https://turkomp.tarimorman.gov.tr/)",281.0,21.75,61.59,3.55,32.17,1.35,1.35,,,,,,,16.0,927.0,141.0,4.71,150.0,367.0,2.51,,,,,,0,
turkomp:mercimek_kirmizi,Kırmızı mercimek (kuru),"Mercimek, kırmızı, kuru",Baklagil,🫘,1 porsiyon (çiğ),60.0,,,,"TürKomp, Ulusal Gıda Kompozisyon Veri Tabanı v1.0 (https://turkomp.tarimorman.gov.tr/)",322.0,25.81,60.61,0.31,18.67,1.57,,,,,,,,14.0,1004.0,26.0,5.87,85.0,416.0,3.6,,,,328.0,,0,
turkomp:nohut_haslanmis,Nohut (haşlanmış),"Nohut, haşlanmış, konserve",Baklagil,🫘,1 porsiyon,150.0,,,,"TürKomp, Ulusal Gıda Kompozisyon Veri Tabanı v1.0 (https://turkomp.tarimorman.gov.tr/)",106.0,5.31,22.01,,6.0,0.98,0.98,,,,,,,359.0,99.0,62.0,1.28,24.0,66.0,1.35,,,,,,0,
turkomp:nohut_kuru,Nohut (kuru),"Nohut, Koçbaşı, kuru",Baklagil,🫘,1 porsiyon (kuru),60.0,,,,"TürKomp, Ulusal Gıda Kompozisyon Veri Tabanı v1.0 (https://turkomp.tarimorman.gov.tr/)",334.0,18.56,64.38,3.53,23.03,5.33,,,,,,,,19.0,1171.0,99.0,5.92,139.0,397.0,3.16,,,,,,0,
turkomp:mercimek_yesil,Yeşil mercimek (kuru),"Mercimek, yeşil, kuru",Baklagil,🫘,1 porsiyon (çiğ),60.0,,,,"TürKomp, Ulusal Gıda Kompozisyon Veri Tabanı v1.0 (https://turkomp.tarimorman.gov.tr/)",299.0,23.0,62.61,2.08,25.99,0.92,0.92,,,,,,,13.0,967.0,64.0,7.77,118.0,415.0,2.69,,,,286.0,,0,
turkomp:alabalik,Alabalık (çiğ),"Alabalık, Gökkuşağı, yetiştirme",Et-Balık,🐟,1 porsiyon,150.0,fish,,balik,"TürKomp, Ulusal Gıda Kompozisyon Veri Tabanı v1.0 (https://turkomp.tarimorman.gov.tr/) | Trans yağ değeri yalnızca elaidik asit ölçümüdür, toplam trans yağ değildir; gerçek miktar daha yüksek olabilir (TürKomp toplam trans yağı ölçmüyor).",121.0,18.78,0.0,0,0,5.12,1.206,0.138,1.662,1.481,0.14,0.483,55.0,120.0,426.0,27.0,0.72,38.0,306.0,1.19,,,,,,0,
turkomp:dana_bonfile,Dana bonfile,"Dana eti, bonfile",Et-Balık,🥩,1 porsiyon,120.0,,,et,"TürKomp, Ulusal Gıda Kompozisyon Veri Tabanı v1.0 (https://turkomp.tarimorman.gov.tr/) | Trans yağ değeri yalnızca elaidik asit ölçümüdür, toplam trans yağ değildir; gerçek miktar daha yüksek olabilir (TürKomp toplam trans yağı ölçmüyor).",149.0,20.81,0.0,0,0,7.27,3.779,0.0,,,,,48.0,49.0,364.0,6.0,1.49,21.0,153.0,3.2,,0.2,,8.0,2.09,0,
turkomp:dana_ciger,Dana ciğeri,"Yenilebilir sakatat, dana karaciğer",Et-Balık,🥩,1 porsiyon,100.0,,,et,"TürKomp, Ulusal Gıda Kompozisyon Veri Tabanı v1.0 (https://turkomp.tarimorman.gov.tr/)",141.0,21.39,0.0,0.0,0.0,6.2,2.682,,,,,,217.0,76.0,812.0,3.0,4.5,19.0,396.0,6.52,,,,,,0,
turkomp:dana_but,Dana eti (but),"Dana eti, but",Et-Balık,🥩,1 porsiyon,100.0,,,et,"TürKomp, Ulusal Gıda Kompozisyon Veri Tabanı v1.0 (https://turkomp.tarimorman.gov.tr/)",125.0,20.99,0.0,0.0,0.0,4.59,2.366,,,,,,48.0,55.0,392.0,5.0,1.71,24.0,182.0,3.58,,,,,,0,
turkomp:doner,Döner (et),"Döner, et, pişmiş",Et-Balık,🥙,1 porsiyon,120.0,,,et,"TürKomp, Ulusal Gıda Kompozisyon Veri Tabanı v1.0 (https://turkomp.tarimorman.gov.tr/) | Trans yağ değeri yalnızca elaidik asit ölçümüdür, toplam trans yağ değildir; gerçek miktar daha yüksek olabilir (TürKomp toplam trans yağı ölçmüyor).",333.0,22.33,0.0,0,0,27.12,12.384,0.0,,,,,70.0,675.0,342.0,11.0,2.45,23.0,149.0,4.04,,0.0,,,2.56,0,
turkomp:hamsi,Hamsi,Hamsi,Et-Balık,🐟,1 porsiyon,100.0,fish,,balik,"TürKomp, Ulusal Gıda Kompozisyon Veri Tabanı v1.0 (https://turkomp.tarimorman.gov.tr/) | Trans yağ değeri yalnızca elaidik asit ölçümüdür, toplam trans yağ değildir; gerçek miktar daha yüksek olabilir (TürKomp toplam trans yağı ölçmüyor).",197.0,16.95,0.0,0,0,14.36,4.313,0.37,3.316,4.637,1.716,2.143,52.0,76.0,316.0,78.0,0.98,30.0,227.0,1.89,,7.8,,,4.83,0,
turkomp:hindi_but,Hindi but (derisiz),"Hindi eti, but, derisiz",Et-Balık,🍗,1 porsiyon,120.0,,,et,"TürKomp, Ulusal Gıda Kompozisyon Veri Tabanı v1.0 (https://turkomp.tarimorman.gov.tr/) | Trans yağ değeri yalnızca elaidik asit ölçümüdür, toplam trans yağ değildir; gerçek miktar daha yüksek olabilir (TürKomp toplam trans yağı ölçmüyor).",123.0,20.64,0.0,0,0,4.45,1.339,0.0,,,,,61.0,72.0,281.0,7.0,0.82,21.0,184.0,2.58,,0.0,,,1.68,0,
turkomp:kalkan,Kalkan (çiğ),Kalkan,Et-Balık,🐟,1 porsiyon,150.0,fish,,balik,"TürKomp, Ulusal Gıda Kompozisyon Veri Tabanı v1.0 (https://turkomp.tarimorman.gov.tr/) | Trans yağ değeri yalnızca elaidik asit ölçümüdür, toplam trans yağ değildir; gerçek miktar daha yüksek olabilir (TürKomp toplam trans yağı ölçmüyor).",91.0,16.44,0.0,0,0,2.76,0.637,0.117,0.857,0.721,0.142,0.404,51.0,151.0,351.0,31.0,0.92,31.0,241.0,1.39,,,,,,0,
turkomp:karides,Karides (çiğ),"Karides, derin su pembe",Et-Balık,🍤,1 porsiyon,100.0,,,deniz,"TürKomp, Ulusal Gıda Kompozisyon Veri Tabanı v1.0 (https://turkomp.tarimorman.gov.tr/) | Trans yağ değeri yalnızca elaidik asit ölçümüdür, toplam trans yağ değildir; gerçek miktar daha yüksek olabilir (TürKomp toplam trans yağı ölçmüyor).",78.0,18.08,0.0,0,0,0.67,0.196,0.014,0.141,0.11,0.026,0.051,145.0,267.0,202.0,229.0,2.92,45.0,197.0,1.17,,1.3,,,2.17,0,
turkomp:kavurma,Kavurma,"Kavurma, et",Et-Balık,🥩,1 porsiyon,80.0,,,et,"TürKomp, Ulusal Gıda Kompozisyon Veri Tabanı v1.0 (https://turkomp.tarimorman.gov.tr/)",431.0,25.75,0.0,0,0,36.46,,,,,,,,693.0,380.0,12.0,2.61,26.0,235.0,5.93,,0.4,,,2.11,0,
turkomp:kuzu_but,Kuzu eti (but),"Kuzu eti, but",Et-Balık,🥩,1 porsiyon,100.0,,,et,"TürKomp, Ulusal Gıda Kompozisyon Veri Tabanı v1.0 (https://turkomp.tarimorman.gov.tr/)",122.0,19.3,0.0,0.0,0.0,4.95,2.111,,,,,,90.0,72.0,818.0,5.0,1.62,22.0,165.0,3.9,,,,,,0,
turkomp:kofte,Köfte (çiğ),"kasap köfte, dana, çiğ",Et-Balık,🍖,1 porsiyon,120.0,gluten,,et,"TürKomp, Ulusal Gıda Kompozisyon Veri Tabanı v1.0 (https://turkomp.tarimorman.gov.tr/)",193.0,14.13,9.86,,5.5,12.04,6.159,,,,,,43.0,976.0,338.0,32.0,1.94,18.0,213.0,2.45,,,,,0.98,0,
turkomp:levrek,Levrek (çiğ),"Levrek, yetiştirme",Et-Balık,🐟,1 porsiyon,150.0,fish,,balik,"TürKomp, Ulusal Gıda Kompozisyon Veri Tabanı v1.0 (https://turkomp.tarimorman.gov.tr/) | Trans yağ değeri yalnızca elaidik asit ölçümüdür, toplam trans yağ değildir; gerçek miktar daha yüksek olabilir (TürKomp toplam trans yağı ölçmüyor).",128.0,19.48,0.0,0,0,5.55,1.318,0.152,1.803,1.604,0.25,0.476,54.0,72.0,367.0,37.0,0.31,28.0,216.0,0.54,,3.8,,,3.74,0,
turkomp:lufer,Lüfer (çiğ),Lüfer,Et-Balık,🐟,1 porsiyon,150.0,fish,,balik,"TürKomp, Ulusal Gıda Kompozisyon Veri Tabanı v1.0 (https://turkomp.tarimorman.gov.tr/) | Trans yağ değeri yalnızca elaidik asit ölçümüdür, toplam trans yağ değildir; gerçek miktar daha yüksek olabilir (TürKomp toplam trans yağı ölçmüyor).",215.0,17.6,0.0,0,0,16.11,4.581,0.405,4.058,3.06,0.709,1.671,53.0,78.0,328.0,34.0,0.59,30.0,196.0,0.78,,,,,,0,
turkomp:mezgit,Mezgit (çiğ),Mezgit,Et-Balık,🐟,1 porsiyon,150.0,fish,,balik,"TürKomp, Ulusal Gıda Kompozisyon Veri Tabanı v1.0 (https://turkomp.tarimorman.gov.tr/) | Trans yağ değeri yalnızca elaidik asit ölçümüdür, toplam trans yağ değildir; gerçek miktar daha yüksek olabilir (TürKomp toplam trans yağı ölçmüyor).",70.0,15.27,0.0,0,0,0.97,0.219,0.018,0.164,0.222,0.042,0.141,77.0,124.0,263.0,61.0,0.48,27.0,161.0,0.41,,,,,,0,
turkomp:midye,Midye (çiğ),"Midye, Akdeniz",Et-Balık,🦪,6 adet,60.0,,,deniz,"TürKomp, Ulusal Gıda Kompozisyon Veri Tabanı v1.0 (https://turkomp.tarimorman.gov.tr/) | Trans yağ değeri yalnızca elaidik asit ölçümüdür, toplam trans yağ değildir; gerçek miktar daha yüksek olabilir (TürKomp toplam trans yağı ölçmüyor).",66.0,13.09,0.0,0,0,1.53,0.358,0.033,0.201,0.519,0.176,0.215,65.0,299.0,204.0,44.0,3.31,51.0,187.0,2.97,,2.3,,,7.52,0,
turkomp:palamut,Palamut,Palamut,Et-Balık,🐟,1 porsiyon,120.0,fish,,balik,"TürKomp, Ulusal Gıda Kompozisyon Veri Tabanı v1.0 (https://turkomp.tarimorman.gov.tr/) | Trans yağ değeri yalnızca elaidik asit ölçümüdür, toplam trans yağ değildir; gerçek miktar daha yüksek olabilir (TürKomp toplam trans yağı ölçmüyor).",216.0,20.16,0.0,0,0,15.07,4.604,0.396,3.721,4.494,1.017,2.555,53.0,59.0,368.0,16.0,1.0,34.0,234.0,0.49,,14.6,,,4.21,0,
turkomp:pastirma,Pastırma,Kayseri pastırması,Et-Balık,🥓,3 dilim,30.0,,,et,"TürKomp, Ulusal Gıda Kompozisyon Veri Tabanı v1.0 (https://turkomp.tarimorman.gov.tr/) | Trans yağ değeri yalnızca elaidik asit ölçümüdür, toplam trans yağ değildir; gerçek miktar daha yüksek olabilir (TürKomp toplam trans yağı ölçmüyor).",252.0,28.56,8.6,,2.05,11.97,5.99,0.206,,,,,44.0,2480.0,629.0,43.0,5.71,48.0,439.0,5.41,,,,,1.57,0,
turkomp:sardalya_konserve,"Sardalya (konserve, yağda)","Sardalya, konserve, ayçiçek yağında",Et-Balık,🐟,1 küçük kutu,92.0,fish,,balik,"TürKomp, Ulusal Gıda Kompozisyon Veri Tabanı v1.0 (https://turkomp.tarimorman.gov.tr/) | Trans yağ değeri yalnızca elaidik asit ölçümüdür, toplam trans yağ değildir; gerçek miktar daha yüksek olabilir (TürKomp toplam trans yağı ölçmüyor).",175.0,20.69,0.0,0,0,10.22,4.711,0.009,3.268,0.953,0.253,0.591,64.0,589.0,284.0,539.0,2.61,45.0,447.0,2.11,,,,,,0,
turkomp:sucuk,Sucuk,"Sucuk, Erzurum",Et-Balık,🌭,2 dilim,30.0,,,et,"TürKomp, Ulusal Gıda Kompozisyon Veri Tabanı v1.0 (https://turkomp.tarimorman.gov.tr/) | Trans yağ değeri yalnızca elaidik asit ölçümüdür, toplam trans yağ değildir; gerçek miktar daha yüksek olabilir (TürKomp toplam trans yağı ölçmüyor).",454.0,23.75,3.98,,1.81,38.52,19.447,0.147,,,,,,971.0,275.0,20.0,2.58,20.0,248.0,4.39,,,,,2.67,0,
turkomp:tavuk_but,Tavuk but (derisiz),"Piliç eti, but",Et-Balık,🍗,1 porsiyon,100.0,,,et,"TürKomp, Ulusal Gıda Kompozisyon Veri Tabanı v1.0 (https://turkomp.tarimorman.gov.tr/)",212.0,24.04,0.0,0.0,0.0,12.82,4.984,,,,,,101.0,82.0,274.0,11.0,0.68,21.0,185.0,1.66,,,,,,0,
turkomp:tavuk_gogsu,Tavuk göğsü (derisiz),"Piliç eti, göğüs, derisiz",Et-Balık,🍗,1 porsiyon,100.0,,,et,"TürKomp, Ulusal Gıda Kompozisyon Veri Tabanı v1.0 (https://turkomp.tarimorman.gov.tr/)",121.0,21.7,0.0,0.0,0.0,3.78,1.002,,,,,,62.0,38.0,345.0,19.0,0.31,28.0,217.0,0.53,,,,,,0,
turkomp:ton_konserve,"Ton balığı (konserve, yağda)","Ton balığı, konserve",Et-Balık,🐟,1 küçük kutu,80.0,fish,,balik,"TürKomp, Ulusal Gıda Kompozisyon Veri Tabanı v1.0 (https://turkomp.tarimorman.gov.tr/) | Trans yağ değeri yalnızca elaidik asit ölçümüdür, toplam trans yağ değildir; gerçek miktar daha yüksek olabilir (TürKomp toplam trans yağı ölçmüyor).",173.0,20.81,0.0,0,0,10.02,3.853,0.026,4.959,0.118,0.047,,33.0,336.0,259.0,10.0,1.1,28.0,180.0,0.47,,1.1,,,1.88,0,
turkomp:yumurta,Yumurta,"Yumurta, tavuk, tam",Et-Balık,🥚,1 orta boy,50.0,eggs,,yumurta,"TürKomp, Ulusal Gıda Kompozisyon Veri Tabanı v1.0 (https://turkomp.tarimorman.gov.tr/)",140.0,13.13,0.0,0.0,0.0,9.69,2.525,,,,,,360.0,139.0,127.0,52.0,1.83,13.0,184.0,1.14,,,,,,0,
turkomp:yumurta_sarisi,Yumurta sarısı,"Yumurta, tavuk, sarı",Et-Balık,🥚,1 adet,17.0,eggs,,yumurta,"TürKomp, Ulusal Gıda Kompozisyon Veri Tabanı v1.0 (https://turkomp.tarimorman.gov.tr/) | Trans yağ değeri yalnızca elaidik asit ölçümüdür, toplam trans yağ değildir; gerçek miktar daha yüksek olabilir (TürKomp toplam trans yağı ölçmüyor).",308.0,14.75,0.0,0.0,0,27.62,9.995,0.013,,,,,875.0,69.0,108.0,115.0,4.21,13.0,442.0,2.8,,4.4,,114.0,2.96,0,
turkomp:istavrit,İstavrit,İstavrit,Et-Balık,🐟,1 porsiyon,100.0,fish,,balik,"TürKomp, Ulusal Gıda Kompozisyon Veri Tabanı v1.0 (https://turkomp.tarimorman.gov.tr/) | Trans yağ değeri yalnızca elaidik asit ölçümüdür, toplam trans yağ değildir; gerçek miktar daha yüksek olabilir (TürKomp toplam trans yağı ölçmüyor).",156.0,18.62,0.0,0,0,9.08,2.607,0.246,2.905,2.069,0.52,1.219,63.0,122.0,360.0,106.0,0.82,36.0,245.0,1.44,,12.9,,,7.39,0,
turkomp:misir_cipsi,Mısır cipsi,"Cips, mısır",Hazır Gıda,🌽,1 küçük paket,30.0,,,,"TürKomp, Ulusal Gıda Kompozisyon Veri Tabanı v1.0 (https://turkomp.tarimorman.gov.tr/)",530.0,5.75,61.49,,5.71,30.22,,,,,,,,,,,,,,,,,,,,0,
turkomp:yaprak_sarma,Zeytinyağlı yaprak sarma,"Yaprak sarma, zeytinyağlı",Hazır Gıda,🍃,3 adet,90.0,,,,"TürKomp, Ulusal Gıda Kompozisyon Veri Tabanı v1.0 (https://turkomp.tarimorman.gov.tr/) | Trans yağ değeri yalnızca elaidik asit ölçümüdür, toplam trans yağ değildir; gerçek miktar daha yüksek olabilir (TürKomp toplam trans yağı ölçmüyor).",183.0,2.81,28.91,,3.86,7.06,0.751,0.0,,,,,,158.0,47.0,24.0,0.7,8.0,15.0,0.18,,,,,,0,
turkomp:antep_fistigi,Antep fıstığı,"Antep fıstığı, iç, taze",Kuruyemiş,🥜,1 avuç,25.0,nuts,,,"TürKomp, Ulusal Gıda Kompozisyon Veri Tabanı v1.0 (https://turkomp.tarimorman.gov.tr/) | Trans yağ değeri yalnızca elaidik asit ölçümüdür, toplam trans yağ değildir; gerçek miktar daha yüksek olabilir (TürKomp toplam trans yağı ölçmüyor).",600.0,17.64,24.1,0.0,13.54,51.15,5.324,0.0,35.744,7.783,,,,6.0,869.0,117.0,2.78,127.0,470.0,2.7,,,,44.0,,0,
turkomp:badem,Badem,"Badem, iç, kavrulmuş",Kuruyemiş,🌰,1 avuç,20.0,nuts,,,"TürKomp, Ulusal Gıda Kompozisyon Veri Tabanı v1.0 (https://turkomp.tarimorman.gov.tr/) | Trans yağ değeri yalnızca elaidik asit ölçümüdür, toplam trans yağ değildir; gerçek miktar daha yüksek olabilir (TürKomp toplam trans yağı ölçmüyor).",600.0,20.57,22.36,2.7,12.0,50.22,1.91,0.0,,,,,,4.0,794.0,247.0,5.26,303.0,645.0,3.74,,,,,,0,
turkomp:ceviz,Ceviz,"Ceviz, iç, kuru",Kuruyemiş,🌰,3 adet,15.0,nuts,,,"TürKomp, Ulusal Gıda Kompozisyon Veri Tabanı v1.0 (https://turkomp.tarimorman.gov.tr/) | Trans yağ değeri yalnızca elaidik asit ölçümüdür, toplam trans yağ değildir; gerçek miktar daha yüksek olabilir (TürKomp toplam trans yağı ölçmüyor).",679.0,14.57,15.18,,11.5,64.82,6.432,0.0,8.987,34.715,,,,3.0,437.0,103.0,2.34,165.0,365.0,3.0,,,,64.0,,0,
turkomp:findik,Fındık,"Fındık iç, beyazlatılmış",Kuruyemiş,🌰,1 avuç,20.0,nuts,,,"TürKomp, Ulusal Gıda Kompozisyon Veri Tabanı v1.0 (https://turkomp.tarimorman.gov.tr/) | Trans yağ değeri yalnızca elaidik asit ölçümüdür, toplam trans yağ değildir; gerçek miktar daha yüksek olabilir (TürKomp toplam trans yağı ölçmüyor).",646.0,14.24,20.83,1.61,15.47,59.58,3.788,0.0,,,,,,3.0,593.0,142.0,3.22,149.0,318.0,2.18,,,,98.0,,0,
turkomp:hashas,Haşhaş tohumu,"Haşhaş tohumu, kuru",Kuruyemiş,⚫,1 yemek kaşığı,10.0,,,,"TürKomp, Ulusal Gıda Kompozisyon Veri Tabanı v1.0 (https://turkomp.tarimorman.gov.tr/) | Trans yağ değeri yalnızca elaidik asit ölçümüdür, toplam trans yağ değildir; gerçek miktar daha yüksek olabilir (TürKomp toplam trans yağı ölçmüyor).",487.0,17.14,33.39,0.0,26.87,37.63,4.784,0.0,,,,,,11.0,654.0,1433.0,10.32,429.0,917.0,5.41,,,,,,0,
turkomp:kabak_cekirdegi,Kabak çekirdeği (kuru),"Kabak çekirdeği, kuru",Kuruyemiş,🎃,1 avuç,25.0,,,,"TürKomp, Ulusal Gıda Kompozisyon Veri Tabanı v1.0 (https://turkomp.tarimorman.gov.tr/) | Trans yağ değeri yalnızca elaidik asit ölçümüdür, toplam trans yağ değildir; gerçek miktar daha yüksek olabilir (TürKomp toplam trans yağı ölçmüyor).",619.0,28.89,16.0,,5.26,49.96,9.127,0.01,17.696,20.542,,,,9.0,668.0,19.0,0.36,479.0,1410.0,10.35,,,,,,0,
turkomp:kestane,Kestane (çiğ),Kestane,Kuruyemiş,🌰,5 adet,50.0,,,,"TürKomp, Ulusal Gıda Kompozisyon Veri Tabanı v1.0 (https://turkomp.tarimorman.gov.tr/)",176.0,1.01,42.6,8.49,3.32,0.93,0.93,,,,,,,2.0,486.0,25.0,0.93,41.0,130.0,0.39,37.4,,,,,0,
turkomp:leblebi,Leblebi,Çorum leblebisi,Kuruyemiş,🫘,1 avuç,30.0,,,,"TürKomp, Ulusal Gıda Kompozisyon Veri Tabanı v1.0 (https://turkomp.tarimorman.gov.tr/)",395.0,21.56,66.13,,11.7,7.53,,,,,,,,7.0,554.0,36.0,2.75,71.0,204.0,1.9,,,,,,0,
turkomp:tahin,Tahin,"Tahin, İstanbul",Kuruyemiş,🥄,1 yemek kaşığı,20.0,sesame,,,"TürKomp, Ulusal Gıda Kompozisyon Veri Tabanı v1.0 (https://turkomp.tarimorman.gov.tr/) | Trans yağ değeri yalnızca elaidik asit ölçümüdür, toplam trans yağ değildir; gerçek miktar daha yüksek olabilir (TürKomp toplam trans yağı ölçmüyor).",676.0,20.03,14.56,0.67,11.3,62.2,12.957,0.0,22.685,23.684,,,,271.0,313.0,167.0,6.94,349.0,828.0,6.98,,,,,,0,
turkomp:yer_fistigi,Yer fıstığı,"Yer fıstığı, kuru",Kuruyemiş,🥜,1 avuç,25.0,peanuts,,,"TürKomp, Ulusal Gıda Kompozisyon Veri Tabanı v1.0 (https://turkomp.tarimorman.gov.tr/) | Trans yağ değeri yalnızca elaidik asit ölçümüdür, toplam trans yağ değildir; gerçek miktar daha yüksek olabilir (TürKomp toplam trans yağı ölçmüyor).",570.0,23.51,23.03,0.68,12.54,45.42,3.963,0.0,,,,,,14.0,677.0,62.0,2.3,189.0,411.0,3.18,,,,189.0,,0,
turkomp:cam_fistigi,Çam fıstığı,"Çam fıstığı, kuru",Kuruyemiş,🌰,1 yemek kaşığı,15.0,nuts,,,"TürKomp, Ulusal Gıda Kompozisyon Veri Tabanı v1.0 (https://turkomp.tarimorman.gov.tr/) | Trans yağ değeri yalnızca elaidik asit ölçümüdür, toplam trans yağ değildir; gerçek miktar daha yüksek olabilir (TürKomp toplam trans yağı ölçmüyor).",675.0,11.82,10.82,2.37,7.95,66.66,6.781,0.0,24.42,30.283,,,,,,,,,,,,,,,,0,
turkomp:ayva,Ayva,"Ayva, Eşme çeşidi",Meyve,🟡,1 orta boy,150.0,,,,"TürKomp, Ulusal Gıda Kompozisyon Veri Tabanı v1.0 (https://turkomp.tarimorman.gov.tr/)",60.0,0.35,17.15,8.08,3.23,0.14,0.14,,,,,,,6.0,177.0,11.0,0.29,12.0,14.0,0.08,15.2,,,4.0,,0,
turkomp:elma,Elma,"Elma, yazlık, Gala çeşidi",Meyve,🍎,1 orta boy,150.0,,,,"TürKomp, Ulusal Gıda Kompozisyon Veri Tabanı v1.0 (https://turkomp.tarimorman.gov.tr/)",58.0,0.33,13.81,11.19,1.91,0.61,0.61,,,,,,,3.0,138.0,7.0,0.26,8.0,12.0,0.03,4.5,,,,,0,
turkomp:karpuz,Karpuz,"Karpuz, çekirdekli",Meyve,🍉,1 dilim,280.0,,,,"TürKomp, Ulusal Gıda Kompozisyon Veri Tabanı v1.0 (https://turkomp.tarimorman.gov.tr/)",30.0,0.13,7.34,5.63,0.54,0.14,0.14,,,,,,,3.0,112.0,9.0,0.23,12.0,11.0,0.17,6.5,,,,,0,
turkomp:kavun,Kavun,"Kavun, kışlık Kırkağaç",Meyve,🍈,1 dilim,160.0,,,,"TürKomp, Ulusal Gıda Kompozisyon Veri Tabanı v1.0 (https://turkomp.tarimorman.gov.tr/)",31.0,0.28,7.37,4.89,0.65,0.21,0.21,,,,,,,8.0,247.0,15.0,0.26,15.0,6.0,0.14,18.8,,,,,0,
turkomp:keciboynuzu,Keçiboynuzu,"Keçiboynuzu, kuru",Meyve,🟤,1 adet,15.0,,,,"TürKomp, Ulusal Gıda Kompozisyon Veri Tabanı v1.0 (https://turkomp.tarimorman.gov.tr/)",293.0,4.18,80.44,36.89,25.83,0.69,0.69,,,,,,,5.0,992.0,311.0,2.2,119.0,211.0,1.45,,,,,,0,
turkomp:kiraz,Kiraz,"Kiraz, kırmızı, Ziraat 0900 Napolyon çeşidi",Meyve,🍒,1 porsiyon,140.0,,,,"TürKomp, Ulusal Gıda Kompozisyon Veri Tabanı v1.0 (https://turkomp.tarimorman.gov.tr/)",63.0,0.91,15.06,14.08,1.7,0.29,0.29,,,,,,,2.0,162.0,16.0,0.17,13.0,23.0,0.06,6.6,,,,,0,
turkomp:dut_kuru,Kuru dut,"Dut, beyaz, kuru",Meyve,⚪,1 avuç,30.0,,,,"TürKomp, Ulusal Gıda Kompozisyon Veri Tabanı v1.0 (https://turkomp.tarimorman.gov.tr/)",336.0,2.76,83.75,38.2,8.92,0.84,0.84,,,,,,,1.0,979.0,376.0,9.44,99.0,121.0,0.76,,,,,,0,
turkomp:incir_kuru,Kuru incir,"İncir, kuru",Meyve,🟤,3 adet,60.0,,,,"TürKomp, Ulusal Gıda Kompozisyon Veri Tabanı v1.0 (https://turkomp.tarimorman.gov.tr/)",298.0,3.25,74.62,52.8,9.42,0.6,0.6,,,,,,,59.0,830.0,141.0,1.39,80.0,81.0,0.36,,,,,,0,
turkomp:kayisi_kuru,Kuru kayısı,"Kayısı, kükürtlü, kuru",Meyve,🟠,5 adet,40.0,,,,"TürKomp, Ulusal Gıda Kompozisyon Veri Tabanı v1.0 (https://turkomp.tarimorman.gov.tr/)",252.0,2.96,63.65,35.77,7.45,0.34,0.34,,,,,,,1.0,1213.0,72.0,1.97,23.0,72.0,0.45,,,,,,0,
turkomp:uzum_kuru,Kuru üzüm,"Üzüm, siyah, çekirdekli, kuru",Meyve,🍇,1 avuç,30.0,,,,"TürKomp, Ulusal Gıda Kompozisyon Veri Tabanı v1.0 (https://turkomp.tarimorman.gov.tr/)",312.0,2.35,78.73,32.57,7.2,0.23,0.23,,,,,,,26.0,969.0,104.0,5.08,45.0,70.0,0.3,,,,,,0,
turkomp:limon,Limon,"Limon, Kütdiken",Meyve,🍋,1 adet,60.0,,,,"TürKomp, Ulusal Gıda Kompozisyon Veri Tabanı v1.0 (https://turkomp.tarimorman.gov.tr/)",39.0,1.15,8.94,2.35,1.13,0.15,0.15,,,,,,,2.0,94.0,30.0,0.1,9.0,13.0,0.07,42.1,,,,,0,
turkomp:mandalina,Mandalina,"Mandarin, Klemantin",Meyve,🍊,1 orta boy,90.0,,,,"TürKomp, Ulusal Gıda Kompozisyon Veri Tabanı v1.0 (https://turkomp.tarimorman.gov.tr/)",50.0,0.47,12.79,5.65,2.09,0.1,0.1,,,,,,,9.0,227.0,46.0,0.37,17.0,26.0,0.57,42.4,,,,,0,
turkomp:muz,Muz,"Muz, Anamur çeşidi",Meyve,🍌,1 orta boy,100.0,,,,"TürKomp, Ulusal Gıda Kompozisyon Veri Tabanı v1.0 (https://turkomp.tarimorman.gov.tr/)",79.0,0.55,19.83,11.43,1.69,0.11,0.11,,,,,,,2.0,229.0,6.0,0.22,28.0,15.0,0.42,8.6,,,,,0,
turkomp:nar,Nar,"Nar, Hicaz çeşidi",Meyve,🔴,1 orta boy,150.0,,,,"TürKomp, Ulusal Gıda Kompozisyon Veri Tabanı v1.0 (https://turkomp.tarimorman.gov.tr/)",61.0,0.26,19.5,8.3,10.21,0.21,0.21,,,,,,,6.0,265.0,12.0,0.56,16.0,43.0,0.26,7.0,,,,,0,
turkomp:portakal,Portakal,"Portakal, Washington Navel göbekli",Meyve,🍊,1 orta boy,130.0,,,,"TürKomp, Ulusal Gıda Kompozisyon Veri Tabanı v1.0 (https://turkomp.tarimorman.gov.tr/)",49.0,0.32,12.23,6.23,1.74,0.24,0.24,,,,,,,4.0,200.0,54.0,0.34,17.0,31.0,0.12,45.3,,,,,0,
turkomp:visne,Vişne,Vişne,Meyve,🍒,1 kase,150.0,,,,"TürKomp, Ulusal Gıda Kompozisyon Veri Tabanı v1.0 (https://turkomp.tarimorman.gov.tr/)",61.0,0.59,15.18,12.84,3.16,0.45,0.45,,,,,,,2.0,218.0,23.0,0.24,16.0,34.0,0.07,4.2,,,,,0,
turkomp:yaban_mersini,Yaban mersini,Yaban mersini,Meyve,🫐,1 kase,100.0,,,,"TürKomp, Ulusal Gıda Kompozisyon Veri Tabanı v1.0 (https://turkomp.tarimorman.gov.tr/)",44.0,0.46,11.22,5.67,2.73,0.34,0.34,,,,,,,6.0,98.0,13.0,0.55,7.0,20.0,0.15,21.9,,,,,0,
turkomp:cilek,Çilek,Çilek,Meyve,🍓,1 porsiyon,150.0,,,,"TürKomp, Ulusal Gıda Kompozisyon Veri Tabanı v1.0 (https://turkomp.tarimorman.gov.tr/)",32.0,0.9,6.86,4.55,1.98,0.54,0.54,,,,,,,1.0,159.0,47.0,0.57,16.0,17.0,0.13,75.5,,,,,0,
turkomp:uzum,Üzüm,"Üzüm, beyaz, geç mevsim, Müşküle çeşidi",Meyve,🍇,1 porsiyon,125.0,,,,"TürKomp, Ulusal Gıda Kompozisyon Veri Tabanı v1.0 (https://turkomp.tarimorman.gov.tr/)",68.0,0.47,16.19,12.23,1.39,0.48,0.48,,,,,,,4.0,229.0,21.0,0.52,13.0,18.0,0.07,3.5,,,,,0,
turkomp:incir,İncir,"İncir, Bursa Siyahı",Meyve,🫒,2 adet,100.0,,,,"TürKomp, Ulusal Gıda Kompozisyon Veri Tabanı v1.0 (https://turkomp.tarimorman.gov.tr/)",70.0,1.33,16.76,11.47,2.66,0.34,0.34,,,,,,,4.0,202.0,67.0,0.41,24.0,21.0,0.19,2.1,,,8.0,,0,
turkomp:seftali,Şeftali,"Şeftali, J. Hale çeşidi",Meyve,🍑,1 orta boy,150.0,,,,"TürKomp, Ulusal Gıda Kompozisyon Veri Tabanı v1.0 (https://turkomp.tarimorman.gov.tr/)",46.0,0.96,10.81,6.26,1.82,0.3,0.3,,,,,,,3.0,183.0,7.0,0.33,9.0,24.0,0.12,6.4,,,,,0,
turkomp:balkabagi,Balkabağı,"Kabak, kışlık, balkabağı",Sebze,🎃,1 dilim,150.0,,,,"TürKomp, Ulusal Gıda Kompozisyon Veri Tabanı v1.0 (https://turkomp.tarimorman.gov.tr/)",41.0,0.46,9.88,6.4,1.16,0.2,0.2,,,,,,,3.0,290.0,31.0,0.26,18.0,19.0,0.14,13.8,,3.4,22.0,,0,
turkomp:bamya,Bamya,Bamya,Sebze,🌱,1 porsiyon,100.0,,,,"TürKomp, Ulusal Gıda Kompozisyon Veri Tabanı v1.0 (https://turkomp.tarimorman.gov.tr/)",48.0,2.9,10.56,1.86,3.36,0.13,0.13,,,,,,,6.0,395.0,200.0,1.33,97.0,104.0,1.02,18.2,,61.7,,,0,
turkomp:bezelye,Bezelye,Bezelye,Sebze,🫛,1 porsiyon,145.0,,,,"TürKomp, Ulusal Gıda Kompozisyon Veri Tabanı v1.0 (https://turkomp.tarimorman.gov.tr/)",92.0,6.49,17.33,1.36,5.11,0.82,0.82,,,,,,,2.0,333.0,26.0,1.52,42.0,159.0,1.13,28.1,,,,,0,
turkomp:brokoli,Brokoli,Brokoli,Sebze,🥦,1 porsiyon,100.0,,,,"TürKomp, Ulusal Gıda Kompozisyon Veri Tabanı v1.0 (https://turkomp.tarimorman.gov.tr/)",39.0,3.03,7.72,1.66,3.42,0.35,0.35,,,,,,,10.0,349.0,49.0,1.22,27.0,99.0,0.63,107.6,,,,,0,
turkomp:borulce,Börülce (çiğ),Börülce,Sebze,🫛,1 porsiyon,150.0,,,,"TürKomp, Ulusal Gıda Kompozisyon Veri Tabanı v1.0 (https://turkomp.tarimorman.gov.tr/)",49.0,3.67,9.8,1.08,3.55,0.25,0.25,,,,,,,3.0,271.0,88.0,1.2,68.0,100.0,0.88,25.1,,126.3,,,0,
turkomp:dereotu,Dereotu,Dereotu,Sebze,🌿,1 demet,20.0,,,,"TürKomp, Ulusal Gıda Kompozisyon Veri Tabanı v1.0 (https://turkomp.tarimorman.gov.tr/)",46.0,2.95,7.25,0.48,1.98,0.97,0.97,,,,,,,125.0,452.0,231.0,4.4,89.0,59.0,0.6,100.9,,407.4,125.0,,0,
turkomp:domates,Domates,"Domates, sofralık",Sebze,🍅,1 orta boy,120.0,,,,"TürKomp, Ulusal Gıda Kompozisyon Veri Tabanı v1.0 (https://turkomp.tarimorman.gov.tr/)",19.0,0.89,3.96,2.33,1.1,0.2,0.2,,,,,,,4.0,206.0,10.0,0.34,12.0,27.0,0.16,19.8,,,,,0,
turkomp:ebegumeci,Ebegümeci,Ebegümeci,Sebze,🌿,1 porsiyon,100.0,,,,"TürKomp, Ulusal Gıda Kompozisyon Veri Tabanı v1.0 (https://turkomp.tarimorman.gov.tr/)",49.0,2.94,9.55,0.38,2.95,0.57,0.57,,,,,,,57.0,605.0,267.0,10.81,60.0,67.0,0.82,44.9,,804.2,136.0,,0,
turkomp:enginar,Enginar,Enginar,Sebze,🌰,1 adet,100.0,,,,"TürKomp, Ulusal Gıda Kompozisyon Veri Tabanı v1.0 (https://turkomp.tarimorman.gov.tr/)",32.0,2.46,7.36,2.72,4.74,0.2,0.2,,,,,,,65.0,425.0,99.0,0.88,55.0,51.0,0.53,9.6,,0.8,,,0,
turkomp:havuc,Havuç,"Havuç, turuncu",Sebze,🥕,1 orta boy,80.0,,,,"TürKomp, Ulusal Gıda Kompozisyon Veri Tabanı v1.0 (https://turkomp.tarimorman.gov.tr/)",37.0,0.89,9.08,4.89,2.58,0.2,0.2,,,,,,,52.0,279.0,34.0,0.13,20.0,26.0,0.15,5.2,,,,,0,
turkomp:ispanak,Ispanak,Ispanak,Sebze,🥬,1 porsiyon,100.0,,,,"TürKomp, Ulusal Gıda Kompozisyon Veri Tabanı v1.0 (https://turkomp.tarimorman.gov.tr/)",24.0,2.49,3.64,0.56,2.27,0.49,0.49,,,,,,,77.0,529.0,143.0,9.71,116.0,29.0,0.42,35.7,,336.4,264.0,,0,
turkomp:kabak,Kabak (sakız),"Kabak, yazlık, sakız",Sebze,🥒,1 orta boy,150.0,,,,"TürKomp, Ulusal Gıda Kompozisyon Veri Tabanı v1.0 (https://turkomp.tarimorman.gov.tr/)",18.0,0.68,4.11,2.08,1.63,0.24,0.24,,,,,,,1.0,245.0,20.0,0.44,20.0,43.0,0.31,14.9,,22.3,,,0,
turkomp:domates_kuru,Kuru domates,"Domates, kuru",Sebze,🍅,5 adet,20.0,,,,"TürKomp, Ulusal Gıda Kompozisyon Veri Tabanı v1.0 (https://turkomp.tarimorman.gov.tr/)",210.0,11.31,50.87,13.66,21.65,0.53,0.53,,,,,,,2124.0,3416.0,143.0,6.46,177.0,317.0,1.97,32.6,,,,,0,
turkomp:patlican_kuru,Kuru patlıcan,"Patlıcan, kuru",Sebze,🍆,5 adet,20.0,,,,"TürKomp, Ulusal Gıda Kompozisyon Veri Tabanı v1.0 (https://turkomp.tarimorman.gov.tr/)",263.0,11.76,69.82,11.85,39.64,1.83,,,,,,,,53.0,3784.0,296.0,7.47,258.0,350.0,1.96,,,,,,0,
turkomp:sogan,Kuru soğan,"Soğan, sarı, kuru",Sebze,🧅,1 orta boy,100.0,,,,"TürKomp, Ulusal Gıda Kompozisyon Veri Tabanı v1.0 (https://turkomp.tarimorman.gov.tr/)",40.0,1.16,9.11,5.67,1.23,0.18,0.18,,,,,,,6.0,176.0,31.0,0.23,14.0,36.0,0.21,6.5,,0.6,,,0,
turkomp:lahana,Lahana (beyaz),"Lahana, beyaz, baş",Sebze,🥬,1 porsiyon,100.0,,,,"TürKomp, Ulusal Gıda Kompozisyon Veri Tabanı v1.0 (https://turkomp.tarimorman.gov.tr/)",26.0,0.86,6.29,3.06,2.1,0.2,0.2,,,,,,,14.0,201.0,46.0,0.24,11.0,21.0,0.18,37.2,,,,,0,
turkomp:tursu_lahana,Lahana turşusu,"Turşu, lahana",Sebze,🥬,1 porsiyon,50.0,,,,"TürKomp, Ulusal Gıda Kompozisyon Veri Tabanı v1.0 (https://turkomp.tarimorman.gov.tr/)",13.0,0.19,3.82,,2.35,0.22,0.22,,,,,,,1292.0,56.0,74.0,,6.0,,0.01,,,,,,0,
turkomp:mantar,Mantar,"Mantar, beyaz şapkalı",Sebze,🍄,1 porsiyon,100.0,,,,"TürKomp, Ulusal Gıda Kompozisyon Veri Tabanı v1.0 (https://turkomp.tarimorman.gov.tr/)",24.0,1.5,4.47,1.73,1.88,0.41,0.41,,,,,,,7.0,431.0,3.0,1.08,11.0,86.0,0.65,4.8,,,,,0,
turkomp:marul,Marul,"Marul, kıvırcık, salata",Sebze,🥬,1 porsiyon,80.0,,,,"TürKomp, Ulusal Gıda Kompozisyon Veri Tabanı v1.0 (https://turkomp.tarimorman.gov.tr/)",17.0,0.87,3.78,1.05,2.09,0.23,0.23,,,,,,,16.0,309.0,52.0,2.51,22.0,24.0,0.19,6.6,,,,,0,
turkomp:maydanoz,Maydanoz,Maydanoz,Sebze,🌿,1 demet,30.0,,,,"TürKomp, Ulusal Gıda Kompozisyon Veri Tabanı v1.0 (https://turkomp.tarimorman.gov.tr/)",37.0,3.39,6.24,0.78,3.42,0.56,0.56,,,,,,,75.0,526.0,146.0,4.76,44.0,38.0,0.49,188.9,,376.0,172.0,,0,
turkomp:nane,Nane,Nane,Sebze,🌿,1 demet,20.0,,,,"TürKomp, Ulusal Gıda Kompozisyon Veri Tabanı v1.0 (https://turkomp.tarimorman.gov.tr/)",41.0,3.37,8.29,0.29,6.69,0.88,0.88,,,,,,,5.0,321.0,209.0,5.7,88.0,63.0,0.58,25.7,,1090.5,102.0,,0,
turkomp:patates,Patates,"Patates, sofralık, sarı, Marfona/Granola/Marabel",Sebze,🥔,1 orta boy,150.0,,,,"TürKomp, Ulusal Gıda Kompozisyon Veri Tabanı v1.0 (https://turkomp.tarimorman.gov.tr/)",68.0,1.48,15.81,0.79,1.44,0.23,0.23,,,,,,,3.0,325.0,6.0,0.51,20.0,51.0,0.27,24.0,,,,,0,
turkomp:patlican,Patlıcan,"Patlıcan, uzun",Sebze,🍆,1 porsiyon,100.0,,,,"TürKomp, Ulusal Gıda Kompozisyon Veri Tabanı v1.0 (https://turkomp.tarimorman.gov.tr/)",23.0,0.94,5.64,2.11,2.51,0.23,0.23,,,,,,,3.0,213.0,10.0,0.26,18.0,29.0,0.2,3.7,,,,,0,
turkomp:pirasa,Pırasa,Pırasa,Sebze,🥬,1 porsiyon,100.0,,,,"TürKomp, Ulusal Gıda Kompozisyon Veri Tabanı v1.0 (https://turkomp.tarimorman.gov.tr/)",34.0,0.26,8.91,3.61,3.01,0.33,0.33,,,,,,,14.0,196.0,50.0,0.63,15.0,26.0,,22.3,,60.8,59.0,,0,
turkomp:roka,Roka,Roka,Sebze,🌿,1 porsiyon,50.0,,,,"TürKomp, Ulusal Gıda Kompozisyon Veri Tabanı v1.0 (https://turkomp.tarimorman.gov.tr/)",26.0,2.57,4.32,0.25,1.94,0.27,0.27,,,,,,,14.0,397.0,229.0,6.11,54.0,48.0,0.54,109.4,,383.7,60.0,,0,
turkomp:salatalik,Salatalık,Salatalık,Sebze,🥒,1 orta boy,150.0,,,,"TürKomp, Ulusal Gıda Kompozisyon Veri Tabanı v1.0 (https://turkomp.tarimorman.gov.tr/)",16.0,0.37,3.27,1.67,0.52,0.32,0.32,,,,,,,3.0,156.0,19.0,0.21,13.0,27.0,0.21,11.0,,,,,0,
turkomp:tursu_salatalik,Salatalık turşusu,"Çubuk turşusu, salatalık",Sebze,🥒,2 adet,60.0,,,,"TürKomp, Ulusal Gıda Kompozisyon Veri Tabanı v1.0 (https://turkomp.tarimorman.gov.tr/)",16.0,0.38,3.29,,2.22,0.62,0.62,,,,,,,1385.0,80.0,28.0,0.26,10.0,13.0,,,,,,,0,
turkomp:sarimsak,Sarımsak,"Sarımsak, kuru",Sebze,🧄,2 diş,6.0,,,,"TürKomp, Ulusal Gıda Kompozisyon Veri Tabanı v1.0 (https://turkomp.tarimorman.gov.tr/)",129.0,5.21,27.12,1.66,2.64,0.54,0.54,,,,,,,7.0,474.0,16.0,0.94,28.0,156.0,0.98,10.9,,1.2,10.0,,0,
turkomp:semizotu,Semizotu,Semizotu,Sebze,🌿,1 porsiyon,100.0,,,,"TürKomp, Ulusal Gıda Kompozisyon Veri Tabanı v1.0 (https://turkomp.tarimorman.gov.tr/)",22.0,2.64,3.36,0.23,1.59,0.12,0.12,,,,,,,41.0,414.0,155.0,4.45,118.0,46.0,0.74,24.6,,303.4,46.0,,0,
turkomp:biber_sivri,Sivri biber,"Biber, sivri",Sebze,🌶️,2 adet,60.0,,,,"TürKomp, Ulusal Gıda Kompozisyon Veri Tabanı v1.0 (https://turkomp.tarimorman.gov.tr/)",28.0,0.76,6.78,3.99,1.93,0.13,0.13,,,,,,,2.0,208.0,9.0,0.48,16.0,35.0,0.27,82.8,,,,,0,
turkomp:zeytin_siyah,Siyah zeytin (salamura),"Zeytin, siyah, salamura",Sebze,🫒,5 adet,25.0,,,,"TürKomp, Ulusal Gıda Kompozisyon Veri Tabanı v1.0 (https://turkomp.tarimorman.gov.tr/) | Trans yağ değeri yalnızca elaidik asit ölçümüdür, toplam trans yağ değildir; gerçek miktar daha yüksek olabilir (TürKomp toplam trans yağı ölçmüyor).",135.0,1.94,5.26,,3.08,12.44,1.699,0.0,,,,,,1022.0,217.0,477.0,1.41,15.0,27.0,1.0,,,,,,0,
turkomp:bakla,Taze bakla,Bakla,Sebze,🫛,1 porsiyon,150.0,,,,"TürKomp, Ulusal Gıda Kompozisyon Veri Tabanı v1.0 (https://turkomp.tarimorman.gov.tr/)",47.0,3.61,7.72,1.92,3.36,0.98,0.98,,,,,,,8.0,305.0,58.0,1.12,36.0,54.0,0.42,29.0,,90.9,66.0,,0,
turkomp:taze_fasulye,Taze fasulye,Fasulye,Sebze,🫛,1 porsiyon,150.0,,,,"TürKomp, Ulusal Gıda Kompozisyon Veri Tabanı v1.0 (https://turkomp.tarimorman.gov.tr/)",44.0,2.2,9.07,2.14,2.08,0.37,0.37,,,,,,,1.0,316.0,61.0,1.09,34.0,62.0,0.48,16.0,,,,,0,
turkomp:biber_salca,Biber salçası,Biber salçası,Sos & Baharat,🥫,1 yemek kaşığı,15.0,,,,"TürKomp, Ulusal Gıda Kompozisyon Veri Tabanı v1.0 (https://turkomp.tarimorman.gov.tr/)",112.0,2.44,25.92,0.0,2.49,0.44,0.44,,,,,,,413.0,702.0,27.0,1.12,38.0,61.0,0.01,,,,,,0,
turkomp:domates_salca,Domates salçası,Domates salçası,Sos & Baharat,🥫,1 yemek kaşığı,15.0,,,,"TürKomp, Ulusal Gıda Kompozisyon Veri Tabanı v1.0 (https://turkomp.tarimorman.gov.tr/)",97.0,4.56,20.22,,3.58,0.52,0.52,,,,,,,0.0,260.0,25.0,1.52,12.0,,0.01,16.5,,,,,0,
turkomp:nar_eksisi,Nar ekşisi,Nar ekşisi,Sos & Baharat,🍷,1 yemek kaşığı,15.0,,,,"TürKomp, Ulusal Gıda Kompozisyon Veri Tabanı v1.0 (https://turkomp.tarimorman.gov.tr/)",310.0,0.0,77.6,60.17,0.05,0.0,0.0,0,,,,,,1.0,1083.0,46.0,0.63,30.0,67.0,0.35,,,,,,0,
turkomp:sofra_tuzu,Sofra tuzu,"Tuz, sofra, iyotlu",Sos & Baharat,🧂,1 çay kaşığı,6.0,,,,"TürKomp, Ulusal Gıda Kompozisyon Veri Tabanı v1.0 (https://turkomp.tarimorman.gov.tr/)",1.0,0.0,0.22,0,0.0,0.0,0.0,0,,,,,,37409.0,10.0,40.0,0.55,3.0,0.0,1.34,,,,,,0,
turkomp:ayran,Ayran,"ayran, tam yağlı",Süt Ürünleri,🥛,1 bardak,200.0,milk,,sut,"TürKomp, Ulusal Gıda Kompozisyon Veri Tabanı v1.0 (https://turkomp.tarimorman.gov.tr/)",37.0,1.98,2.71,,,2.0,,,,,,,,231.0,88.0,81.0,0.01,6.0,41.0,0.16,,,,,,0,
turkomp:beyaz_peynir,Beyaz peynir (tam yağlı),"Peynir, beyaz, tam yağlı",Süt Ürünleri,🧀,1 kibrit kutusu,30.0,milk,,sut,"TürKomp, Ulusal Gıda Kompozisyon Veri Tabanı v1.0 (https://turkomp.tarimorman.gov.tr/)",309.0,16.01,8.21,2.25,0.0,23.55,15.198,,,,,,53.0,1281.0,103.0,422.0,0.3,18.0,282.0,1.63,,0.0,,12.0,0.62,0,
turkomp:eritme_peynir,Eritme peyniri,"Eritme Peyniri, sade, tam yağlı",Süt Ürünleri,🧀,1 dilim,20.0,milk,,sut,"TürKomp, Ulusal Gıda Kompozisyon Veri Tabanı v1.0 (https://turkomp.tarimorman.gov.tr/)",265.0,12.95,1.54,,,23.0,15.267,,,,,,,983.0,108.0,458.0,0.16,18.0,655.0,1.59,,,,,,0,
turkomp:eski_kasar,Eski kaşar,"Eski kaşar, Kars",Süt Ürünleri,🧀,1 dilim,30.0,milk,,sut,"TürKomp, Ulusal Gıda Kompozisyon Veri Tabanı v1.0 (https://turkomp.tarimorman.gov.tr/) | Trans yağ değeri yalnızca elaidik asit ölçümüdür, toplam trans yağ değildir; gerçek miktar daha yüksek olabilir (TürKomp toplam trans yağı ölçmüyor).",377.0,27.56,0.47,0.36,0,29.4,15.147,2.25,,,,,,908.0,99.0,701.0,0.34,26.0,556.0,5.24,,1.9,,,1.29,0,
turkomp:kaymak,Kaymak,"Kaymak, pastörize",Süt Ürünleri,🥄,1 yemek kaşığı,15.0,milk,,sut,"TürKomp, Ulusal Gıda Kompozisyon Veri Tabanı v1.0 (https://turkomp.tarimorman.gov.tr/)",585.0,0.96,3.31,1.3,0.0,63.1,37.656,,,,,,54.0,19.0,91.0,45.0,0.14,6.0,70.0,2.93,,0.6,,10.0,0.41,0,
turkomp:kasar,Kaşar peyniri,"Peynir, kaşar, olgunlaştırılmamış",Süt Ürünleri,🧀,1 dilim,30.0,milk,,sut,"TürKomp, Ulusal Gıda Kompozisyon Veri Tabanı v1.0 (https://turkomp.tarimorman.gov.tr/)",353.0,26.99,2.56,0.15,0.0,26.06,17.63,,,,,,70.0,648.0,78.0,668.0,0.13,25.0,521.0,3.35,,3.3,,6.0,1.36,0,
turkomp:kefir,Kefir,Kefir,Süt Ürünleri,🥛,1 bardak,200.0,milk,,sut,"TürKomp, Ulusal Gıda Kompozisyon Veri Tabanı v1.0 (https://turkomp.tarimorman.gov.tr/) | Trans yağ değeri yalnızca elaidik asit ölçümüdür, toplam trans yağ değildir; gerçek miktar daha yüksek olabilir (TürKomp toplam trans yağı ölçmüyor).",58.0,3.29,3.11,1.99,,3.65,2.254,0.0,,,,,,38.0,162.0,119.0,0.42,10.0,69.0,0.35,,,,,0.16,0,
turkomp:sut,Süt (tam yağlı),"Süt, inek",Süt Ürünleri,🥛,1 bardak,200.0,milk,,sut,"TürKomp, Ulusal Gıda Kompozisyon Veri Tabanı v1.0 (https://turkomp.tarimorman.gov.tr/) | Trans yağ değeri yalnızca elaidik asit ölçümüdür, toplam trans yağ değildir; gerçek miktar daha yüksek olabilir (TürKomp toplam trans yağı ölçmüyor).",64.0,3.17,4.78,3.86,,3.57,2.034,0.08,,,,,8.0,37.0,151.0,98.0,0.02,9.0,78.0,0.33,,0.2,,7.0,0.44,0,
turkomp:sut_yarim,Süt (yarım yağlı),"Süt, inek, UHT, yarım yağlı",Süt Ürünleri,🥛,1 su bardağı,200.0,milk,,sut,"TürKomp, Ulusal Gıda Kompozisyon Veri Tabanı v1.0 (https://turkomp.tarimorman.gov.tr/)",47.0,2.93,5.43,5.43,0.0,1.52,,,,,,,5.0,51.0,159.0,111.0,0.01,12.0,82.0,0.31,,,,,,0,
turkomp:suzme_yogurt,Süzme yoğurt,"Yoğurt, süzme",Süt Ürünleri,🥣,1 kase,150.0,milk,,sut,"TürKomp, Ulusal Gıda Kompozisyon Veri Tabanı v1.0 (https://turkomp.tarimorman.gov.tr/) | Trans yağ değeri yalnızca elaidik asit ölçümüdür, toplam trans yağ değildir; gerçek miktar daha yüksek olabilir (TürKomp toplam trans yağı ölçmüyor).",124.0,7.91,3.13,2.27,,8.83,5.087,0.0,,,,,,39.0,127.0,89.0,0.06,12.0,136.0,0.31,,1.5,,,0.88,0,
turkomp:yogurt,Yoğurt (tam yağlı),"Yoğurt, homojenize, tam yağlı",Süt Ürünleri,🥛,1 kase,200.0,milk,,sut,"TürKomp, Ulusal Gıda Kompozisyon Veri Tabanı v1.0 (https://turkomp.tarimorman.gov.tr/) | Trans yağ değeri yalnızca elaidik asit ölçümüdür, toplam trans yağ değildir; gerçek miktar daha yüksek olabilir (TürKomp toplam trans yağı ölçmüyor).",69.0,4.53,4.24,4.24,,3.8,2.265,0.1,,,,,10.0,53.0,191.0,132.0,0.03,13.0,110.0,0.4,,1.1,,18.0,0.42,0,
turkomp:yogurt_yarim,Yoğurt (yarım yağlı),"Yoğurt, homojenize, yarım yağlı",Süt Ürünleri,🥣,1 su bardağı,200.0,milk,,sut,"TürKomp, Ulusal Gıda Kompozisyon Veri Tabanı v1.0 (https://turkomp.tarimorman.gov.tr/)",49.0,4.27,3.91,3.38,0.0,1.76,,,,,,,6.0,51.0,189.0,130.0,0.03,13.0,104.0,0.39,,,,,,0,
turkomp:cokelek,Çökelek,Çökelek,Süt Ürünleri,🧀,1 porsiyon,50.0,milk,,sut,"TürKomp, Ulusal Gıda Kompozisyon Veri Tabanı v1.0 (https://turkomp.tarimorman.gov.tr/) | Trans yağ değeri yalnızca elaidik asit ölçümüdür, toplam trans yağ değildir; gerçek miktar daha yüksek olabilir (TürKomp toplam trans yağı ölçmüyor).",171.0,27.37,1.89,,,6.02,3.419,0.194,,,,,,524.0,38.0,54.0,0.14,4.0,259.0,0.39,,,,,0.89,0,
turkomp:ekmek_beyaz,Beyaz ekmek,"Ekmek, beyaz",Tahıl,🍞,1 dilim,35.0,gluten,,,"TürKomp, Ulusal Gıda Kompozisyon Veri Tabanı v1.0 (https://turkomp.tarimorman.gov.tr/)",276.0,9.41,54.45,,4.32,3.22,,,,,,,,343.0,113.0,109.0,1.04,25.0,77.0,1.68,,,,40.0,,0,
turkomp:biskuvi,Bisküvi (petit beurre),"Bisküvi, tatlı (petit beure)",Tahıl,🍪,4 adet,25.0,gluten,,,"TürKomp, Ulusal Gıda Kompozisyon Veri Tabanı v1.0 (https://turkomp.tarimorman.gov.tr/)",432.0,5.59,77.95,18.83,3.44,11.64,,,,,,,,378.0,143.0,26.0,1.7,32.0,150.0,0.63,,,,,,0,
turkomp:bulgur,Bulgur (pilavlık),"Bulgur, pilavlık",Tahıl,🌾,1/2 su bardağı (çiğ),75.0,gluten,,,"TürKomp, Ulusal Gıda Kompozisyon Veri Tabanı v1.0 (https://turkomp.tarimorman.gov.tr/)",357.0,12.08,71.76,,6.79,3.95,,,,,,,,3.0,273.0,19.0,0.98,59.0,182.0,1.05,,,,,,0,
turkomp:bugday_unu,Buğday unu (beyaz),"Buğday, un, ekmeklik, tip 650",Tahıl,🌾,1 su bardağı,120.0,gluten,,,"TürKomp, Ulusal Gıda Kompozisyon Veri Tabanı v1.0 (https://turkomp.tarimorman.gov.tr/)",353.0,8.84,77.54,2.16,3.62,1.62,,,,,,,,0.0,159.0,69.0,1.49,28.0,99.0,5.93,,,,,,0,
turkomp:galeta,Galeta unu,"Galeta, sade",Tahıl,🥖,1 yemek kaşığı,10.0,gluten,,,"TürKomp, Ulusal Gıda Kompozisyon Veri Tabanı v1.0 (https://turkomp.tarimorman.gov.tr/)",390.0,10.21,78.14,5.03,3.2,4.79,,,,,,,,510.0,173.0,126.0,1.52,34.0,145.0,0.97,,,,,,0,
turkomp:lavas,Lavaş,Lavaş,Tahıl,🫓,1 adet,60.0,gluten,,,"TürKomp, Ulusal Gıda Kompozisyon Veri Tabanı v1.0 (https://turkomp.tarimorman.gov.tr/)",284.0,7.0,60.67,,3.16,2.23,,,,,,,,582.0,135.0,57.0,1.07,25.0,68.0,0.43,,,,,,0,
turkomp:makarna,Makarna (kuru),"Makarna, sade, yumurtasız, kuru",Tahıl,🍝,1 porsiyon (çiğ),80.0,gluten,,,"TürKomp, Ulusal Gıda Kompozisyon Veri Tabanı v1.0 (https://turkomp.tarimorman.gov.tr/)",356.0,8.44,78.57,2.3,4.21,1.85,,,,,,,,16.0,220.0,18.0,1.31,42.0,142.0,0.95,,,,,,0,
turkomp:manti,Mantı (çiğ),"Mantı, çiğ",Tahıl,🥟,1 porsiyon,150.0,gluten|eggs,,et|yumurta,"TürKomp, Ulusal Gıda Kompozisyon Veri Tabanı v1.0 (https://turkomp.tarimorman.gov.tr/)",292.0,12.63,49.53,,4.01,5.71,,,,,,,,563.0,240.0,21.0,1.52,26.0,152.0,1.98,,,,,,0,
turkomp:borek_peynirli,Peynirli börek,"Börek, peynirli",Tahıl,🥐,1 dilim,120.0,gluten|milk,eggs,sut,"TürKomp, Ulusal Gıda Kompozisyon Veri Tabanı v1.0 (https://turkomp.tarimorman.gov.tr/)",288.0,6.73,35.64,,3.3,13.87,4.218,,,,,,,454.0,96.0,104.0,0.65,16.0,76.0,0.57,,,,,,0,
turkomp:pirinc,Pirinç,"Pirinç, Osmancık",Tahıl,🍚,1 porsiyon (çiğ),70.0,,,,"TürKomp, Ulusal Gıda Kompozisyon Veri Tabanı v1.0 (https://turkomp.tarimorman.gov.tr/)",341.0,6.84,79.13,0.0,3.46,0.44,0.44,,,,,,,15.0,97.0,5.0,0.46,29.0,113.0,0.65,,,,,,0,
turkomp:simit,Simit,Simit,Tahıl,🥯,1 adet,100.0,gluten|sesame,,,"TürKomp, Ulusal Gıda Kompozisyon Veri Tabanı v1.0 (https://turkomp.tarimorman.gov.tr/)",368.0,12.14,47.36,,8.94,16.46,,,,,,,,166.0,161.0,32.0,,64.0,171.0,0.92,,,,,,0,
turkomp:ekmek_tam,Tam buğday ekmeği,"Ekmek, tam buğday unlu",Tahıl,🍞,1 dilim,35.0,gluten,,,"TürKomp, Ulusal Gıda Kompozisyon Veri Tabanı v1.0 (https://turkomp.tarimorman.gov.tr/)",258.0,10.79,48.52,,4.86,3.35,,,,,,,,,,,1.76,,,,,,,38.0,,0,
turkomp:tarhana,Tarhana (kuru),"Tarhana, kuru",Tahıl,🥣,1 kase çorba için,25.0,gluten|milk,,sut,"TürKomp, Ulusal Gıda Kompozisyon Veri Tabanı v1.0 (https://turkomp.tarimorman.gov.tr/)",317.0,14.38,61.07,,6.15,3.06,,,,,,,,2095.0,583.0,90.0,6.08,144.0,359.0,1.83,,,,,,0,
turkomp:yulaf,Yulaf,"Yulaf, beyaz",Tahıl,🥣,3 yemek kaşığı,40.0,,,,"TürKomp, Ulusal Gıda Kompozisyon Veri Tabanı v1.0 (https://turkomp.tarimorman.gov.tr/)",351.0,11.35,69.51,0.27,12.24,5.8,,,,,,,,22.0,468.0,72.0,5.91,131.0,320.0,2.31,,,,,,0,
turkomp:ekmek_cavdar,Çavdar ekmeği,"Ekmek, çavdar",Tahıl,🍞,1 dilim,35.0,gluten,,,"TürKomp, Ulusal Gıda Kompozisyon Veri Tabanı v1.0 (https://turkomp.tarimorman.gov.tr/)",254.0,10.01,49.84,,5.39,2.79,,,,,,,,265.0,156.0,260.0,1.45,35.0,86.0,0.74,,,,46.0,,0,
turkomp:pekmez_andiz,Andız pekmezi,"Pekmez, Andız",Tatlı,🍯,1 yemek kaşığı,20.0,,,,"TürKomp, Ulusal Gıda Kompozisyon Veri Tabanı v1.0 (https://turkomp.tarimorman.gov.tr/)",266.0,1.5,65.49,45.45,1.16,0.0,0.0,0,,,,,,4.0,1993.0,71.0,0.29,83.0,174.0,1.07,,,,,,0,
turkomp:asure,Aşure,Aşure,Tatlı,🥣,1 kase,200.0,gluten,nuts,,"TürKomp, Ulusal Gıda Kompozisyon Veri Tabanı v1.0 (https://turkomp.tarimorman.gov.tr/)",87.0,2.22,21.73,,6.53,0.44,0.44,,,,,,,14.0,105.0,21.0,0.49,12.0,27.0,0.18,,,,,,0,
turkomp:badem_ezmesi,Badem ezmesi,Badem ezmesi,Tatlı,🍬,1 adet,25.0,nuts,,,"TürKomp, Ulusal Gıda Kompozisyon Veri Tabanı v1.0 (https://turkomp.tarimorman.gov.tr/) | Trans yağ değeri yalnızca elaidik asit ölçümüdür, toplam trans yağ değildir; gerçek miktar daha yüksek olabilir (TürKomp toplam trans yağı ölçmüyor).",470.0,9.53,53.17,36.07,5.37,25.53,1.706,0.0,,,,,,4.0,409.0,128.0,2.21,144.0,324.0,2.19,,,,,,0,
turkomp:baklava,Baklava (fıstıklı),"Baklava, fıstıklı",Tatlı,🍮,1 dilim,50.0,gluten|nuts|milk,,sut,"TürKomp, Ulusal Gıda Kompozisyon Veri Tabanı v1.0 (https://turkomp.tarimorman.gov.tr/) | Trans yağ değeri yalnızca elaidik asit ölçümüdür, toplam trans yağ değildir; gerçek miktar daha yüksek olabilir (TürKomp toplam trans yağı ölçmüyor).",422.0,5.13,55.06,32.03,10.59,22.51,7.557,0.0,,,,,,102.0,156.0,80.0,0.56,23.0,77.0,,,,,,,0,
turkomp:bal,Bal (çiçek),"Bal, çiçek",Tatlı,🍯,1 yemek kaşığı,20.0,,,bal,"TürKomp, Ulusal Gıda Kompozisyon Veri Tabanı v1.0 (https://turkomp.tarimorman.gov.tr/)",325.0,0.13,81.23,72.06,0.0,0.0,0.0,0,,,,,,,,,,,,,,,,,,0,
turkomp:bitter_cikolata,Bitter çikolata,"Çikolata, bitter",Tatlı,🍫,2 kare,20.0,,,,"TürKomp, Ulusal Gıda Kompozisyon Veri Tabanı v1.0 (https://turkomp.tarimorman.gov.tr/) | Kafein değeri: EFSA NDA Paneli (2015), Scientific Opinion on the safety of caffeine, Tablo 1 (TürKomp kafein ölçmüyor).",570.0,4.79,56.8,46.6,1.12,36.26,,,,,,,,,,,,,,,,,,,,52.5,
turkomp:gofret,Gofret (çikolata kaplı),"Gofret, kakao kremalı, sütlü çikolata kaplamalı",Tatlı,🍫,1 paket,35.0,gluten|milk,,sut,"TürKomp, Ulusal Gıda Kompozisyon Veri Tabanı v1.0 (https://turkomp.tarimorman.gov.tr/) | Kafein değeri girilmedi: kakao içerdiği için kafein taşıdığı kesin, ancak EFSA 2015 Tablo 1'de kakao kremalı gofrete karşılık gelen satır yok. Saf çikolatanın değerini yazmak üst sınır olurdu ve kafein eşiği çok düşük (1 mg/100 g) olduğu için üst sınır yanlış uyarı üretirdi.",453.0,5.38,74.65,26.54,8.36,16.6,,,,,,,,,,,,,,,,,,,,,
turkomp:kazandibi,Kazandibi,Kazandibi,Tatlı,🍮,1 porsiyon,120.0,milk,,sut,"TürKomp, Ulusal Gıda Kompozisyon Veri Tabanı v1.0 (https://turkomp.tarimorman.gov.tr/)",165.0,4.74,24.74,19.08,0.63,5.33,,,,,,,,41.0,56.0,78.0,0.09,9.0,65.0,0.35,,,,,,0,
turkomp:lokum,Lokum,"Lokum, sade",Tatlı,🍬,2 adet,20.0,,nuts,,"TürKomp, Ulusal Gıda Kompozisyon Veri Tabanı v1.0 (https://turkomp.tarimorman.gov.tr/)",359.0,0.13,89.28,66.28,0.0,0.19,0.19,,,,,,,0.0,19.0,5.0,0.1,2.0,,,,,,,,0,
turkomp:dondurma,Maraş dondurması,Maraş dondurması,Tatlı,🍦,1 top,60.0,milk,,sut,"TürKomp, Ulusal Gıda Kompozisyon Veri Tabanı v1.0 (https://turkomp.tarimorman.gov.tr/) | Trans yağ değeri yalnızca elaidik asit ölçümüdür, toplam trans yağ değildir; gerçek miktar daha yüksek olabilir (TürKomp toplam trans yağı ölçmüyor).",176.0,4.85,31.79,,,3.26,2.03,0.043,,,,,,,,,,,,,,,,,0.93,0,
turkomp:muhallebi,Muhallebi,Muhallebi,Tatlı,🍮,1 kase,150.0,milk,,sut,"TürKomp, Ulusal Gıda Kompozisyon Veri Tabanı v1.0 (https://turkomp.tarimorman.gov.tr/)",143.0,3.51,20.57,,2.09,5.64,,,,,,,,13.0,39.0,45.0,0.67,8.0,42.0,0.5,,,,,,0,
turkomp:sutlu_cikolata,Sütlü çikolata,"Çikolata, sütlü",Tatlı,🍫,1 küçük kalıp,30.0,milk,,sut,"TürKomp, Ulusal Gıda Kompozisyon Veri Tabanı v1.0 (https://turkomp.tarimorman.gov.tr/) | Kafein değeri: EFSA NDA Paneli (2015), Scientific Opinion on the safety of caffeine, Tablo 1 (TürKomp kafein ölçmüyor).",554.0,5.74,57.48,45.69,4.5,34.48,,,,,,,,,,,,,,,,,,,,11.1,
turkomp:helva_tahin,Tahin helvası,Tahin helvası,Tatlı,🟫,1 dilim,30.0,sesame,,,"TürKomp, Ulusal Gıda Kompozisyon Veri Tabanı v1.0 (https://turkomp.tarimorman.gov.tr/) | Trans yağ değeri yalnızca elaidik asit ölçümüdür, toplam trans yağ değildir; gerçek miktar daha yüksek olabilir (TürKomp toplam trans yağı ölçmüyor).",533.0,11.55,52.86,,7.44,32.2,4.43,0.0,,,,,,60.0,63.0,42.0,2.17,94.0,172.0,1.52,,,,,,0,
turkomp:toz_seker,Toz şeker,"Şeker, beyaz, küp",Tatlı,🍬,1 çay kaşığı,4.0,,,,"TürKomp, Ulusal Gıda Kompozisyon Veri Tabanı v1.0 (https://turkomp.tarimorman.gov.tr/)",400.0,0.0,99.92,98.8,0.0,0.0,0.0,0,,,,,,14.0,4.0,1.0,0.14,0.0,16.0,0.0,,,,,,0,
turkomp:pekmez,Üzüm pekmezi,"Pekmez, üzüm",Tatlı,🍇,1 yemek kaşığı,20.0,,,,"TürKomp, Ulusal Gıda Kompozisyon Veri Tabanı v1.0 (https://turkomp.tarimorman.gov.tr/)",242.0,1.13,59.49,59.18,0.21,0.0,0.0,0,,,,,,10.0,832.0,32.0,0.45,42.0,40.0,0.04,,,,,,0,
turkomp:aycicek_yagi,Ayçiçek yağı,Ayçiçek yağı,Yağ,🌻,1 yemek kaşığı,14.0,,,,"TürKomp, Ulusal Gıda Kompozisyon Veri Tabanı v1.0 (https://turkomp.tarimorman.gov.tr/)",900.0,0.0,0.0,0.0,0.0,100.0,10.382,,30.917,54.071,,,0.0,,,,,,,,,,,,,0,
turkomp:margarin,Margarin,"Margarin, sürülebilir, kahvaltılık",Yağ,🧈,1 tatlı kaşığı,10.0,,,,"TürKomp, Ulusal Gıda Kompozisyon Veri Tabanı v1.0 (https://turkomp.tarimorman.gov.tr/) | Trans yağ değeri yalnızca elaidik asit ölçümüdür, toplam trans yağ değildir; gerçek miktar daha yüksek olabilir (TürKomp toplam trans yağı ölçmüyor).",553.0,0.0,1.14,,0.0,60.9,16.552,0.0,17.152,22.566,,,,,,,,,,,,,,,,0,
turkomp:tereyagi,Tereyağı,"Tereyağı, kahvaltılık, pastörize",Yağ,🧈,1 tatlı kaşığı,10.0,milk,,sut,"TürKomp, Ulusal Gıda Kompozisyon Veri Tabanı v1.0 (https://turkomp.tarimorman.gov.tr/)",753.0,0.19,0.85,0.36,0.0,83.22,54.079,,,,,,191.0,7.0,20.0,15.0,0.09,1.0,20.0,0.06,,,,,,0,
turkomp:zeytinyagi,Zeytinyağı (sızma),"Zeytinyağı, sızma",Yağ,🫒,1 yemek kaşığı,15.0,,,,"TürKomp, Ulusal Gıda Kompozisyon Veri Tabanı v1.0 (https://turkomp.tarimorman.gov.tr/)",900.0,0.0,0.0,0.0,0.0,100.0,15.86,,68.669,10.908,,,0.0,,,,,,,,,0.0,,,,0,
turkomp:hazir_kahve,Hazır kahve (toz),"Kahve, çözünebilir",İçecek,☕,1 tatlı kaşığı,2.0,,,,"TürKomp, Ulusal Gıda Kompozisyon Veri Tabanı v1.0 (https://turkomp.tarimorman.gov.tr/) | Kafein değeri: EFSA NDA Paneli (2015), Scientific Opinion on the safety of caffeine, Tablo 1 (TürKomp kafein ölçmüyor).",339.0,13.76,78.72,3.87,15.85,0.11,0.11,,,,,,,122.0,4405.0,120.0,2.93,293.0,327.0,0.4,,,,,,4450.0,
turkomp:kola,Kola,Kola,İçecek,🥤,1 kutu (330 ml),330.0,,,,"TürKomp, Ulusal Gıda Kompozisyon Veri Tabanı v1.0 (https://turkomp.tarimorman.gov.tr/) | Kafein değeri: EFSA NDA Paneli (2015), Scientific Opinion on the safety of caffeine, Tablo 1 (TürKomp kafein ölçmüyor).",43.0,0.0,10.65,10.65,0.0,0.0,0.0,0,,,,,,2.0,2.0,239.0,0.0,0.0,15.0,0.01,,,,,,10.8,
turkomp:cay_siyah,Siyah çay (kuru),"Çay, siyah, kuru",İçecek,🍵,1 bardak için,2.0,,,,"TürKomp, Ulusal Gıda Kompozisyon Veri Tabanı v1.0 (https://turkomp.tarimorman.gov.tr/) | Kafein değeri: EFSA NDA Paneli (2015), Scientific Opinion on the safety of caffeine, Tablo 1 (TürKomp kafein ölçmüyor).",269.0,21.56,68.05,2.94,46.68,0.44,0.44,,,,,,,40.0,1418.0,472.0,17.6,200.0,232.0,2.19,,,,,,2200.0,
turkomp:turk_kahvesi,Türk kahvesi (toz),Türk kahvesi,İçecek,☕,1 fincan için,7.0,,,,"TürKomp, Ulusal Gıda Kompozisyon Veri Tabanı v1.0 (https://turkomp.tarimorman.gov.tr/) | Kafein değeri: EFSA NDA Paneli (2015), Scientific Opinion on the safety of caffeine, Tablo 1 (TürKomp kafein ölçmüyor).",278.0,13.89,80.69,,51.88,0.34,0.34,,,,,,,12.0,1715.0,88.0,3.99,208.0,204.0,0.34,,,,,,1148.6,
turkomp:salgam_suyu,Şalgam suyu,Tarsus şalgamı,İçecek,🥤,1 bardak,200.0,,,,"TürKomp, Ulusal Gıda Kompozisyon Veri Tabanı v1.0 (https://turkomp.tarimorman.gov.tr/)",5.0,0.0,1.22,,0.16,0.0,0.0,0,,,,,,,,,,,,,,,,,,0,
