kimlik,ad,kategori,ikon,porsiyon_adi,porsiyon_gram,alerjenler,eser_alerjenler,diyet_etiketleri,turkomp_adi,turkomp_url,kcal,proteins,carbohydrates,sugars,fiber,fat,saturatedFat,sodiumMg,potassiumMg,calciumMg,ironMg,magnesiumMg,phosphorusMg,zincMg,vitaminCMg,cholesterolMg,transFat,monounsaturatedFat,polyunsaturatedFat,epa,dha,vitaminD_ug,vitaminK_ug,folate_ug,vitaminB12_ug,caffeineMg,glycemicIndex
ayran,Ayran,Süt Ürünleri,🥛,1 bardak,200,milk,,sut,"ayran, tam yağlı",01.02.0022,37,1.98,2.71,,,2.00,,231,88,81,0.01,6,41,0.16,,,,,,,,,,,,,
sut,Süt (tam yağlı),Süt Ürünleri,🥛,1 bardak,200,milk,,sut,"Süt, inek",01.01.0001,64,3.17,4.78,3.86,,3.57,2.034,37,151,98,0.02,9,78,0.33,,8,0.080,,,,,0.2,,7,0.44,,
yogurt,Yoğurt (tam yağlı),Süt Ürünleri,🥛,1 kase,200,milk,,sut,"Yoğurt, homojenize, tam yağlı",01.02.0015,69,4.53,4.24,4.28,,3.80,2.265,53,191,132,0.03,13,110,0.40,,10,0.100,,,,,1.1,,18,0.42,,
suzme_yogurt,Süzme yoğurt,Süt Ürünleri,🥣,1 kase,150,milk,,sut,"Yoğurt, süzme",12.02.0152,124,7.91,3.13,2.27,,8.83,5.087,39,127,89,0.06,12,136,0.31,,,0.000,,,,,1.5,,,0.88,,
kefir,Kefir,Süt Ürünleri,🥛,1 bardak,200,milk,,sut,Kefir,12.02.0048,58,3.29,3.11,1.99,,3.65,2.254,38,162,119,0.42,10,69,0.35,,,0.000,,,,,,,,0.16,,
beyaz_peynir,Beyaz peynir (tam yağlı),Süt Ürünleri,🧀,1 kibrit kutusu,30,milk,,sut,"Peynir, beyaz, tam yağlı",01.02.0004,309,16.01,8.21,2.25,0,23.55,15.198,1281,103,422,0.30,18,282,1.63,,53,,,,,,0.0,,12,0.62,,
kasar,Kaşar peyniri,Süt Ürünleri,🧀,1 dilim,30,milk,,sut,"Peynir, kaşar, olgunlaştırılmamış",01.02.0006,353,26.99,2.56,0.15,0,26.06,17.630,648,78,668,0.13,25,521,3.35,,70,,,,,,3.3,,6,1.36,,
eski_kasar,Eski kaşar,Süt Ürünleri,🧀,1 dilim,30,milk,,sut,"Eski kaşar, Kars",12.02.0088,377,27.56,0.47,0.36,,29.40,15.147,908,99,701,0.34,26,556,5.24,,,2.250,,,,,1.9,,,1.29,,
eritme_peynir,Eritme peyniri,Süt Ürünleri,🧀,1 dilim,20,milk,,sut,"Eritme Peyniri, sade, tam yağlı",01.02.0024,265,12.95,1.54,,,23.00,15.267,983,108,458,0.16,18,655,1.59,,,,,,,,,,,,,
cokelek,Çökelek,Süt Ürünleri,🧀,1 porsiyon,50,milk,,sut,Çökelek,12.02.0044,171,27.37,1.89,,,6.02,3.419,524,38,54,0.14,4,259,0.39,,,0.194,,,,,,,,0.89,,
kaymak,Kaymak,Süt Ürünleri,🥄,1 yemek kaşığı,15,milk,,sut,"Kaymak, pastörize",01.02.0002,585,0.96,3.31,1.30,0,63.10,37.656,19,91,45,0.14,6,70,2.93,,54,,,,,,0.6,,10,0.41,,
sucuk,Sucuk,Et-Balık,🌭,2 dilim,30,,,et,"Sucuk, Erzurum",12.02.0066,454,23.75,3.98,,1.81,38.52,19.447,971,275,20,2.58,20,248,4.39,,,0.147,,,,,,,,2.67,,
pastirma,Pastırma,Et-Balık,🥓,3 dilim,30,,,et,Kayseri pastırması,12.02.0065,252,28.56,8.60,,2.05,11.97,5.990,2480,629,43,5.71,48,439,5.41,,44,0.206,,,,,,,,1.57,,
kavurma,Kavurma,Et-Balık,🥩,1 porsiyon,80,,,et,"Kavurma, et",12.02.0009,431,25.75,0.00,,,36.46,,693,380,12,2.61,26,235,5.93,,,,,,,,0.4,,,2.11,,
doner,Döner (et),Et-Balık,🥙,1 porsiyon,120,,,et,"Döner, et, pişmiş",12.02.0135,333,22.33,0.00,,,27.12,12.384,675,342,11,2.45,23,149,4.04,,70,0.000,,,,,0.0,,,2.56,,
kofte,Köfte (çiğ),Et-Balık,🍖,1 porsiyon,120,gluten,,et,"kasap köfte, dana, çiğ",03.02.0010,193,14.13,9.86,,5.50,12.04,6.159,976,338,32,1.94,18,213,2.45,,43,,,,,,,,,0.98,,
dana_bonfile,Dana bonfile,Et-Balık,🥩,1 porsiyon,120,,,et,"Dana eti, bonfile",03.01.0004,149,20.81,0.00,,,7.27,3.779,49,364,6,1.49,21,153,3.20,,48,0.000,,,,,0.2,,8,2.09,,
hindi_but,Hindi but (derisiz),Et-Balık,🍗,1 porsiyon,120,,,et,"Hindi eti, but, derisiz",03.01.0017,123,20.64,0.00,,,4.45,1.339,72,281,7,0.82,21,184,2.58,,61,0.000,,,,,0.0,,,1.68,,
hamsi,Hamsi,Et-Balık,🐟,1 porsiyon,100,fish,,balik,Hamsi,04.01.0005,197,16.95,0.00,,,14.36,4.313,76,316,78,0.98,30,227,1.89,,52,0.370,3.316,4.637,1.716,2.143,7.8,,,4.83,,
istavrit,İstavrit,Et-Balık,🐟,1 porsiyon,100,fish,,balik,İstavrit,04.01.0006,156,18.62,0.00,,,9.08,2.607,122,360,106,0.82,36,245,1.44,,63,0.246,2.905,2.069,0.52,1.219,12.9,,,7.39,,
levrek,Levrek,Et-Balık,🐟,1 porsiyon,150,fish,,balik,"Levrek, yetiştirme",04.01.0011,128,19.48,0.00,,,5.55,1.318,72,367,37,0.31,28,216,0.54,,54,0.152,1.803,1.604,0.25,0.476,3.8,,,3.74,,
palamut,Palamut,Et-Balık,🐟,1 porsiyon,120,fish,,balik,Palamut,04.01.0015,216,20.16,0.00,,,15.07,4.604,59,368,16,1.00,34,234,0.49,,53,0.396,3.721,4.494,1.017,2.555,14.6,,,4.21,,
ton_konserve,"Ton balığı (konserve, yağda)",Et-Balık,🐟,1 küçük kutu,80,fish,,balik,"Ton balığı, konserve",04.02.0002,173,20.81,0.00,,,10.02,3.853,336,259,10,1.10,28,180,0.47,,33,0.026,4.959,0.118,0.047,,1.1,,,1.88,,
midye,Midye,Et-Balık,🦪,6 adet,60,,,deniz,"Midye, Akdeniz",04.01.0014,66,13.09,0.00,,,1.53,0.358,299,204,44,3.31,51,187,2.97,,65,0.033,0.201,0.519,0.176,0.215,2.3,,,7.52,,
karides,Karides,Et-Balık,🍤,1 porsiyon,100,,,deniz,"Karides, derin su pembe",04.01.0008,78,18.08,0.00,,,0.67,0.196,267,202,229,2.92,45,197,1.17,,145,0.014,0.141,0.11,0.026,0.051,1.3,,,2.17,,
yumurta_sarisi,Yumurta sarısı,Et-Balık,🥚,1 adet,17,eggs,,yumurta,"Yumurta, tavuk, sarı",02.01.0006,308,14.75,0.00,0.00,,27.62,9.995,69,108,115,4.21,13,442,2.80,,875,0.013,,,,,4.4,,114,2.96,,
tarhana,Tarhana (kuru),Tahıl,🥣,1 kase çorba için,25,gluten|milk,,sut,"Tarhana, kuru",12.02.0056,317,14.38,61.07,,6.15,3.06,,2095,583,90,6.08,144,359,1.83,,,,,,,,,,,,,
bulgur,Bulgur (pilavlık),Tahıl,🌾,1/2 su bardağı (çiğ),75,gluten,,,"Bulgur, pilavlık",12.02.0058,357,12.08,71.76,,6.79,3.95,,3,273,19,0.98,59,182,1.05,,,,,,,,,,,,,
simit,Simit,Tahıl,🥯,1 adet,100,gluten|sesame,,,Simit,12.02.0021,368,12.14,47.36,,8.94,16.46,,166,161,32,,64,171,0.92,,,,,,,,,,,,,
lavas,Lavaş,Tahıl,🫓,1 adet,60,gluten,,,Lavaş,06.02.0035,284,7.00,60.67,,3.16,2.23,,582,135,57,1.07,25,68,0.43,,,,,,,,,,,,,
ekmek_beyaz,Beyaz ekmek,Tahıl,🍞,1 dilim,35,gluten,,,"Ekmek, beyaz",06.02.0009,276,9.41,54.45,,4.32,3.22,,343,113,109,1.04,25,77,1.68,,,,,,,,,,40,,,
ekmek_cavdar,Çavdar ekmeği,Tahıl,🍞,1 dilim,35,gluten,,,"Ekmek, çavdar",06.02.0007,254,10.01,49.84,,5.39,2.79,,265,156,260,1.45,35,86,0.74,,,,,,,,,,46,,,
ekmek_tam,Tam buğday ekmeği,Tahıl,🍞,1 dilim,35,gluten,,,"Ekmek, tam buğday unlu",06.02.0027,258,10.79,48.52,,4.86,3.35,,,,,1.76,,,,,,,,,,,,,38,,,
makarna,Makarna (kuru),Tahıl,🍝,1 porsiyon (çiğ),80,gluten,,,"Makarna, sade, yumurtasız, kuru",06.02.0026,356,8.44,78.57,2.30,4.21,1.85,,16,220,18,1.31,42,142,0.95,,,,,,,,,,,,,
pirinc,Pirinç,Tahıl,🍚,1 porsiyon (çiğ),70,,,,"Pirinç, Osmancık",06.02.0003,341,6.84,79.13,0.00,3.46,0.44,,15,97,5,0.46,29,113,0.65,,,,,,,,,,,,,
manti,Mantı (çiğ),Tahıl,🥟,1 porsiyon,150,gluten|eggs,,et|yumurta,"Mantı, çiğ",12.02.0063,292,12.63,49.53,,4.01,5.71,,563,240,21,1.52,26,152,1.98,,,,,,,,,,,,,
borek_peynirli,Peynirli börek,Tahıl,🥐,1 dilim,120,gluten|milk,eggs,sut,"Börek, peynirli",06.02.0040,288,6.73,35.64,,3.30,13.87,4.218,454,96,104,0.65,16,76,0.57,,,,,,,,,,,,,
galeta,Galeta unu,Tahıl,🥖,1 yemek kaşığı,10,gluten,,,"Galeta, sade",06.02.0023,390,10.21,78.14,5.03,3.20,4.79,,510,173,126,1.52,34,145,0.97,,,,,,,,,,,,,
leblebi,Leblebi,Kuruyemiş,🫘,1 avuç,30,,,,Çorum leblebisi,12.02.0069,395,21.56,66.13,,11.70,7.53,,7,554,36,2.75,71,204,1.90,,,,,,,,,,,,,
findik,Fındık,Kuruyemiş,🌰,1 avuç,20,nuts,,,"Fındık iç, beyazlatılmış",09.02.0010,646,14.24,20.83,1.61,15.47,59.58,3.788,3,593,142,3.22,149,318,2.18,,,0.000,,,,,,,98,,,
antep_fistigi,Antep fıstığı,Kuruyemiş,🥜,1 avuç,25,nuts,,,"Antep fıstığı, iç, taze",09.01.0059,600,17.64,24.10,0.00,13.54,51.15,5.324,6,869,117,2.78,127,470,2.70,,,0,35.744,7.783,,,,,44,,,
ceviz,Ceviz,Kuruyemiş,🌰,3 adet,15,nuts,,,"Ceviz, iç, kuru",09.01.0010,679,14.57,15.18,,11.50,64.82,6.432,3,437,103,2.34,165,365,3.00,,,0,8.987,34.715,,,,,64,,,
badem,Badem,Kuruyemiş,🌰,1 avuç,20,nuts,,,"Badem, iç, kavrulmuş",09.02.0009,600,20.57,22.36,2.70,12.00,50.22,1.910,4,794,247,5.26,303,645,3.74,,,0.000,,,,,,,,,,
cam_fistigi,Çam fıstığı,Kuruyemiş,🌰,1 yemek kaşığı,15,nuts,,,"Çam fıstığı, kuru",07.02.0008,675,11.82,10.82,2.37,7.95,66.66,6.781,,,,,,,,,,0,24.42,30.283,,,,,,,,
yer_fistigi,Yer fıstığı,Kuruyemiş,🥜,1 avuç,25,peanuts,,,"Yer fıstığı, kuru",07.01.0004,570,23.51,23.03,0.68,12.54,45.42,3.963,14,677,62,2.30,189,411,3.18,,,0.000,,,,,,,189,,,
kabak_cekirdegi,Kabak çekirdeği,Kuruyemiş,🎃,1 avuç,25,,,,"Kabak çekirdeği, kuru",07.02.0009,619,28.89,16.00,,5.26,49.96,9.127,9,668,19,0.36,479,1410,10.35,,,0.01,17.696,20.542,,,,,,,,
hashas,Haşhaş tohumu,Kuruyemiş,⚫,1 yemek kaşığı,10,,,,"Haşhaş tohumu, kuru",07.01.0001,487,17.14,33.39,0.00,26.87,37.63,4.784,11,654,1433,10.32,429,917,5.41,,,0.000,,,,,,,,,,
tahin,Tahin,Kuruyemiş,🥄,1 yemek kaşığı,20,sesame,,,"Tahin, İstanbul",12.02.0026,676,20.03,14.56,0.67,11.30,62.20,12.957,271,313,167,6.94,349,828,6.98,,,0,22.685,23.684,,,,,,,,
pekmez,Üzüm pekmezi,Tatlı,🍇,1 yemek kaşığı,20,,,,"Pekmez, üzüm",12.02.0087,242,1.13,59.49,59.18,0.21,0.00,,10,832,32,0.45,42,40,0.04,,,,,,,,,,,,,
pekmez_andiz,Andız pekmezi,Tatlı,🍯,1 yemek kaşığı,20,,,,"Pekmez, Andız",12.02.0050,266,1.50,65.49,45.45,1.16,0.00,,4,1993,71,0.29,83,174,1.07,,,,,,,,,,,,,
bal,Bal (çiçek),Tatlı,🍯,1 yemek kaşığı,20,,,bal,"Bal, çiçek",10.02.0001,325,0.13,81.23,72.06,0.00,0.00,,,,,,,,,,,,,,,,,,,,,
baklava,Baklava (fıstıklı),Tatlı,🍮,1 dilim,50,gluten|nuts|milk,,sut,"Baklava, fıstıklı",12.02.0042,422,5.13,55.06,32.03,10.59,22.51,7.557,102,156,80,0.56,23,77,,,,0.000,,,,,,,,,,
lokum,Lokum,Tatlı,🍬,2 adet,20,,nuts,,"Lokum, sade",12.02.0143,359,0.13,89.28,66.28,0.00,0.19,,0,19,5,0.10,2,,,,,,,,,,,,,,,
helva_tahin,Tahin helvası,Tatlı,🟫,1 dilim,30,sesame,,,Tahin helvası,12.02.0124,533,11.55,52.86,,7.44,32.20,4.430,60,63,42,2.17,94,172,1.52,,,0.000,,,,,,,,,,
muhallebi,Muhallebi,Tatlı,🍮,1 kase,150,milk,,sut,Muhallebi,12.02.0145,143,3.51,20.57,,2.09,5.64,,13,39,45,0.67,8,42,0.50,,,,,,,,,,,,,
kazandibi,Kazandibi,Tatlı,🍮,1 porsiyon,120,milk,,sut,Kazandibi,12.02.0138,165,4.74,24.74,19.08,0.63,5.33,,41,56,78,0.09,9,65,0.35,,,,,,,,,,,,,
dondurma,Maraş dondurması,Tatlı,🍦,1 top,60,milk,,sut,Maraş dondurması,12.02.0118,176,4.85,31.79,,,3.26,2.030,,,,,,,,,,0.043,,,,,,,,0.93,,
badem_ezmesi,Badem ezmesi,Tatlı,🍬,1 adet,25,nuts,,,Badem ezmesi,12.02.0133,470,9.53,53.17,36.07,5.37,25.53,1.706,4,409,128,2.21,144,324,2.19,,,0.000,,,,,,,,,,
asure,Aşure,Tatlı,🥣,1 kase,200,gluten,nuts,,Aşure,12.02.0130,87,2.22,21.73,,6.53,0.44,,14,105,21,0.49,12,27,0.18,,,,,,,,,,,,,
yaprak_sarma,Zeytinyağlı yaprak sarma,Hazır Gıda,🍃,3 adet,90,,,,"Yaprak sarma, zeytinyağlı",12.02.0110,183,2.81,28.91,,3.86,7.06,0.751,158,47,24,0.70,8,15,0.18,,,0.000,,,,,,,,,,
nohut_haslanmis,Nohut (haşlanmış),Baklagil,🫘,1 porsiyon,150,,,,"Nohut, haşlanmış, konserve",08.02.0055,106,5.31,22.01,,6.00,0.98,,359,99,62,1.28,24,66,1.35,,,,,,,,,,,,,
mercimek_kirmizi,Kırmızı mercimek (kuru),Baklagil,🫘,1 porsiyon (çiğ),60,,,,"Mercimek, kırmızı, kuru",07.02.0001,322,25.81,60.61,0.31,18.67,1.57,,14,1004,26,5.87,85,416,3.60,,,,,,,,,,328,,,
mercimek_yesil,Yeşil mercimek (kuru),Baklagil,🫘,1 porsiyon (çiğ),60,,,,"Mercimek, yeşil, kuru",07.02.0002,299,23.00,62.61,2.08,25.99,0.92,,13,967,64,7.77,118,415,2.69,,,,,,,,,,286,,,
zeytin_siyah,Siyah zeytin (salamura),Sebze,🫒,5 adet,25,,,,"Zeytin, siyah, salamura",09.02.0053,135,1.94,5.26,,3.08,12.44,1.699,1022,217,477,1.41,15,27,1.00,,,0.000,,,,,,,,,,
zeytinyagi,Zeytinyağı (sızma),Yağ,🫒,1 yemek kaşığı,15,,,,"Zeytinyağı, sızma",05.02.0010,900,0.00,0.00,0.00,0.00,100.00,15.860,,,,,,,,,0,,68.669,10.908,,,0.0,,,,,
domates_salca,Domates salçası,Sos & Baharat,🥫,1 yemek kaşığı,15,,,,Domates salçası,08.02.0033,97,4.56,20.22,,3.58,0.52,,0,260,25,1.52,12,,0.01,16.5,,,,,,,,,,,,
biber_salca,Biber salçası,Sos & Baharat,🥫,1 yemek kaşığı,15,,,,Biber salçası,08.02.0043,112,2.44,25.92,0.00,2.49,0.44,,413,702,27,1.12,38,61,0.01,,,,,,,,,,,,,
nar_eksisi,Nar ekşisi,Sos & Baharat,🍷,1 yemek kaşığı,15,,,,Nar ekşisi,12.02.0085,310,0.00,77.60,60.17,0.05,0.00,,1,1083,46,0.63,30,67,0.35,,,,,,,,,,,,,
tursu_salatalik,Salatalık turşusu,Sebze,🥒,2 adet,60,,,,"Çubuk turşusu, salatalık",12.02.0109,16,0.38,3.29,,2.22,0.62,,1385,80,28,0.26,10,13,,,,,,,,,,,,,,
tursu_lahana,Lahana turşusu,Sebze,🥬,1 porsiyon,50,,,,"Turşu, lahana",08.02.0016,13,0.19,3.82,,2.35,0.22,,1292,56,74,,6,,0.01,,,,,,,,,,,,,
pirasa,Pırasa,Sebze,🥬,1 porsiyon,100,,,,Pırasa,08.01.0055,34,0.26,8.91,3.61,3.01,0.33,,14,196,50,0.63,15,26,,22.3,,,,,,,,60.8,59,,,
ispanak,Ispanak,Sebze,🥬,1 porsiyon,100,,,,Ispanak,08.01.0023,24,2.49,3.64,0.56,2.27,0.49,,77,529,143,9.71,116,29,0.42,35.7,,,,,,,,336.4,264,,,
semizotu,Semizotu,Sebze,🌿,1 porsiyon,100,,,,Semizotu,08.01.0059,22,2.64,3.36,0.23,1.59,0.12,,41,414,155,4.45,118,46,0.74,24.6,,,,,,,,303.4,46,,,
roka,Roka,Sebze,🌿,1 porsiyon,50,,,,Roka,08.01.0057,26,2.57,4.32,0.25,1.94,0.27,,14,397,229,6.11,54,48,0.54,109.4,,,,,,,,383.7,60,,,
maydanoz,Maydanoz,Sebze,🌿,1 demet,30,,,,Maydanoz,08.01.0045,37,3.39,6.24,0.78,3.42,0.56,,75,526,146,4.76,44,38,0.49,188.9,,,,,,,,376.0,172,,,
nane,Nane,Sebze,🌿,1 demet,20,,,,Nane,08.01.0047,41,3.37,8.29,0.29,6.69,0.88,,5,321,209,5.70,88,63,0.58,25.7,,,,,,,,1090.5,102,,,
dereotu,Dereotu,Sebze,🌿,1 demet,20,,,,Dereotu,08.01.0013,46,2.95,7.25,0.48,1.98,0.97,,125,452,231,4.40,89,59,0.60,100.9,,,,,,,,407.4,125,,,
ebegumeci,Ebegümeci,Sebze,🌿,1 porsiyon,100,,,,Ebegümeci,08.01.0016,49,2.94,9.55,0.38,2.95,0.57,,57,605,267,10.81,60,67,0.82,44.9,,,,,,,,804.2,136,,,
bamya,Bamya,Sebze,🌱,1 porsiyon,100,,,,Bamya,08.01.0003,48,2.90,10.56,1.86,3.36,0.13,,6,395,200,1.33,97,104,1.02,18.2,,,,,,,,61.7,,,,
enginar,Enginar,Sebze,🌰,1 adet,100,,,,Enginar,08.01.0017,32,2.46,7.36,2.72,4.74,0.20,,65,425,99,0.88,55,51,0.53,9.6,,,,,,,,0.8,,,,
bakla,Taze bakla,Sebze,🫛,1 porsiyon,150,,,,Bakla,08.01.0002,47,3.61,7.72,1.92,3.36,0.98,,8,305,58,1.12,36,54,0.42,29.0,,,,,,,,90.9,66,,,
borulce,Börülce,Sebze,🫛,1 porsiyon,150,,,,Börülce,08.01.0011,49,3.67,9.80,1.08,3.55,0.25,,3,271,88,1.20,68,100,0.88,25.1,,,,,,,,126.3,,,,
balkabagi,Balkabağı,Sebze,🎃,1 dilim,150,,,,"Kabak, kışlık, balkabağı",08.01.0024,41,0.46,9.88,6.40,1.16,0.20,,3,290,31,0.26,18,19,0.14,13.8,,,,,,,,3.4,22,,,
kabak,Kabak (sakız),Sebze,🥒,1 orta boy,150,,,,"Kabak, yazlık, sakız",08.01.0027,18,0.68,4.11,2.08,1.63,0.24,,1,245,20,0.44,20,43,0.31,14.9,,,,,,,,22.3,,,,
sogan,Kuru soğan,Sebze,🧅,1 orta boy,100,,,,"Soğan, sarı, kuru",08.01.0066,40,1.16,9.11,5.67,1.23,0.18,,6,176,31,0.23,14,36,0.21,6.5,,,,,,,,0.6,,,,
sarimsak,Sarımsak,Sebze,🧄,2 diş,6,,,,"Sarımsak, kuru",08.01.0067,129,5.21,27.12,1.66,2.64,0.54,,7,474,16,0.94,28,156,0.98,10.9,,,,,,,,1.2,10,,,
patlican_kuru,Kuru patlıcan,Sebze,🍆,5 adet,20,,,,"Patlıcan, kuru",08.02.0006,263,11.76,69.82,11.85,39.64,1.83,,53,3784,296,7.47,258,350,1.96,,,,,,,,,,,,,
domates_kuru,Kuru domates,Sebze,🍅,5 adet,20,,,,"Domates, kuru",08.02.0001,210,11.31,50.87,13.66,21.65,0.53,,2124,3416,143,6.46,177,317,1.97,32.6,,,,,,,,,,,,
incir,İncir,Meyve,🫒,2 adet,100,,,,"İncir, Bursa Siyahı",09.01.0022,70,1.33,16.76,11.47,2.66,0.34,,4,202,67,0.41,24,21,0.19,2.1,,,,,,,,,8,,,
incir_kuru,Kuru incir,Meyve,🟤,3 adet,60,,,,"İncir, kuru",12.02.0082,298,3.25,74.62,52.80,9.42,0.60,,59,830,141,1.39,80,81,0.36,,,,,,,,,,,,,
nar,Nar,Meyve,🔴,1 orta boy,150,,,,"Nar, Hicaz çeşidi",09.01.0039,61,0.26,19.50,8.30,10.21,0.21,,6,265,12,0.56,16,43,0.26,7.0,,,,,,,,,,,,
kayisi_kuru,Kuru kayısı,Meyve,🟠,5 adet,40,,,,"Kayısı, kükürtlü, kuru",09.02.0028,252,2.96,63.65,35.77,7.45,0.34,,1,1213,72,1.97,23,72,0.45,,,,,,,,,,,,,
uzum_kuru,Kuru üzüm,Meyve,🍇,1 avuç,30,,,,"Üzüm, siyah, çekirdekli, kuru",09.02.0044,312,2.35,78.73,32.57,7.20,0.23,,26,969,104,5.08,45,70,0.30,,,,,,,,,,,,,
dut_kuru,Kuru dut,Meyve,⚪,1 avuç,30,,,,"Dut, beyaz, kuru",09.02.0015,336,2.76,83.75,38.20,8.92,0.84,,1,979,376,9.44,99,121,0.76,,,,,,,,,,,,,
visne,Vişne,Meyve,🍒,1 kase,150,,,,Vişne,09.01.0065,61,0.59,15.18,12.84,3.16,0.45,,2,218,23,0.24,16,34,0.07,4.2,,,,,,,,,,,,
ayva,Ayva,Meyve,🟡,1 orta boy,150,,,,"Ayva, Eşme çeşidi",09.01.0006,60,0.35,17.15,8.08,3.23,0.14,,6,177,11,0.29,12,14,0.08,15.2,,,,,,,,,4,,,
kestane,Kestane,Kuruyemiş,🌰,5 adet,50,,,,Kestane,09.01.0025,176,1.01,42.60,8.49,3.32,0.93,,2,486,25,0.93,41,130,0.39,37.4,,,,,,,,,,,,
keciboynuzu,Keçiboynuzu,Meyve,🟤,1 adet,15,,,,"Keçiboynuzu, kuru",09.02.0032,293,4.18,80.44,36.89,25.83,0.69,,5,992,311,2.20,119,211,1.45,,,,,,,,,,,,,
yaban_mersini,Yaban mersini,Meyve,🫐,1 kase,100,,,,Yaban mersini,09.01.0057,44,0.46,11.22,5.67,2.73,0.34,,6,98,13,0.55,7,20,0.15,21.9,,,,,,,,,,,,
turk_kahvesi,Türk kahvesi (toz),İçecek,☕,1 fincan için,7,,,,Türk kahvesi,12.02.0057,278,13.89,80.69,,51.88,0.34,,12,1715,88,3.99,208,204,0.34,,,,,,,,,,,,1148.6,
cay_siyah,Siyah çay (kuru),İçecek,🍵,1 bardak için,2,,,,"Çay, siyah, kuru",11.02.0002,269,21.56,68.05,2.94,46.68,0.44,,40,1418,472,17.60,200,232,2.19,,,,,,,,,,,,2200,
salgam_suyu,Şalgam suyu,İçecek,🥤,1 bardak,200,,,,Tarsus şalgamı,12.02.0055,5,0.00,1.22,,0.16,0.00,,,,,,,,,,,,,,,,,,,,,
alabalik,Alabalık (çiğ),Et-Balık,🐟,1 porsiyon,150,fish,,balik,"Alabalık, Gökkuşağı, yetiştirme",04.01.0001,121,18.78,0.0,,,5.12,1.206,120,426,27,0.72,38,306,1.19,,55,0.138,1.662,1.481,0.14,0.483,,,,,,
kalkan,Kalkan (çiğ),Et-Balık,🐟,1 porsiyon,150,fish,,balik,Kalkan,04.01.0007,91,16.44,0.0,,,2.76,0.637,151,351,31,0.92,31,241,1.39,,51,0.117,0.857,0.721,0.142,0.404,,,,,,
lufer,Lüfer (çiğ),Et-Balık,🐟,1 porsiyon,150,fish,,balik,Lüfer,04.01.0012,215,17.6,0.0,,,16.11,4.581,78,328,34,0.59,30,196,0.78,,53,0.405,4.058,3.06,0.709,1.671,,,,,,
mezgit,Mezgit (çiğ),Et-Balık,🐟,1 porsiyon,150,fish,,balik,Mezgit,04.01.0013,70,15.27,0.0,,,0.97,0.219,124,263,61,0.48,27,161,0.41,,77,0.018,0.164,0.222,0.042,0.141,,,,,,
sardalya_konserve,"Sardalya (konserve, yağda)",Et-Balık,🐟,1 küçük kutu,92,fish,,balik,"Sardalya, konserve, ayçiçek yağında",04.02.0003,175,20.69,0.0,,,10.22,4.711,589,284,539,2.61,45,447,2.11,,64,0.009,3.268,0.953,0.253,0.591,,,,,,
yumurta,Yumurta,Et-Balık,🥚,1 orta boy,50,eggs,,yumurta,"Yumurta, tavuk, tam",02.01.0007,140,13.13,0,0,0,9.69,2.525,139,127,52,1.83,13,184,1.14,,360,,,,,,,,,,,
tavuk_gogsu,Tavuk göğsü (derisiz),Et-Balık,🍗,1 porsiyon,100,,,et,"Piliç eti, göğüs, derisiz",03.01.0040,121,21.7,0,0,0,3.78,1.002,38,345,19,0.31,28,217,0.53,,62,,,,,,,,,,,
tavuk_but,Tavuk but (derisiz),Et-Balık,🍗,1 porsiyon,100,,,et,"Piliç eti, but",03.01.0039,212,24.04,0,0,0,12.82,4.984,82,274,11,0.68,21,185,1.66,,101,,,,,,,,,,,
dana_but,Dana eti (but),Et-Balık,🥩,1 porsiyon,100,,,et,"Dana eti, but",03.01.0006,125,20.99,0,0,0,4.59,2.366,55,392,5,1.71,24,182,3.58,,48,,,,,,,,,,,
kuzu_but,Kuzu eti (but),Et-Balık,🥩,1 porsiyon,100,,,et,"Kuzu eti, but",03.01.0030,122,19.3,0,0,0,4.95,2.111,72,818,5,1.62,22,165,3.9,,90,,,,,,,,,,,
dana_ciger,Dana ciğeri,Et-Balık,🥩,1 porsiyon,100,,,et,"Yenilebilir sakatat, dana karaciğer",03.01.0011,141,21.39,0,0,0,6.2,2.682,76,812,3,4.5,19,396,6.52,,217,,,,,,,,,,,
domates,Domates,Sebze,🍅,1 orta boy,120,,,,"Domates, sofralık",08.01.0015,19,0.89,3.96,2.33,1.1,0.2,,4,206,10,0.34,12,27,0.16,19.8,,,,,,,,,,,,
patates,Patates,Sebze,🥔,1 orta boy,150,,,,"Patates, sofralık, sarı, Marfona/Granola/Marabel",08.01.0051,68,1.48,15.81,0.79,1.44,0.23,,3,325,6,0.51,20,51,0.27,24,,,,,,,,,,,,
havuc,Havuç,Sebze,🥕,1 orta boy,80,,,,"Havuç, turuncu",08.01.0020,37,0.89,9.08,4.89,2.58,0.2,,52,279,34,0.13,20,26,0.15,5.2,,,,,,,,,,,,
salatalik,Salatalık,Sebze,🥒,1 orta boy,150,,,,Salatalık,08.01.0021,16,0.37,3.27,1.67,0.52,0.32,,3,156,19,0.21,13,27,0.21,11,,,,,,,,,,,,
biber_sivri,Sivri biber,Sebze,🌶️,2 adet,60,,,,"Biber, sivri",08.01.0009,28,0.76,6.78,3.99,1.93,0.13,,2,208,9,0.48,16,35,0.27,82.8,,,,,,,,,,,,
marul,Marul,Sebze,🥬,1 porsiyon,80,,,,"Marul, kıvırcık, salata",08.01.0043,17,0.87,3.78,1.05,2.09,0.23,,16,309,52,2.51,22,24,0.19,6.6,,,,,,,,,,,,
lahana,Lahana (beyaz),Sebze,🥬,1 porsiyon,100,,,,"Lahana, beyaz, baş",08.01.0037,26,0.86,6.29,3.06,2.1,0.2,,14,201,46,0.24,11,21,0.18,37.2,,,,,,,,,,,,
brokoli,Brokoli,Sebze,🥦,1 porsiyon,100,,,,Brokoli,08.01.0012,39,3.03,7.72,1.66,3.42,0.35,,10,349,49,1.22,27,99,0.63,107.6,,,,,,,,,,,,
patlican,Patlıcan,Sebze,🍆,1 porsiyon,100,,,,"Patlıcan, uzun",08.01.0052,23,0.94,5.64,2.11,2.51,0.23,,3,213,10,0.26,18,29,0.2,3.7,,,,,,,,,,,,
taze_fasulye,Taze fasulye,Sebze,🫛,1 porsiyon,150,,,,Fasulye,08.01.0018,44,2.2,9.07,2.14,2.08,0.37,,1,316,61,1.09,34,62,0.48,16,,,,,,,,,,,,
bezelye,Bezelye,Sebze,🫛,1 porsiyon,145,,,,Bezelye,08.01.0004,92,6.49,17.33,1.36,5.11,0.82,,2,333,26,1.52,42,159,1.13,28.1,,,,,,,,,,,,
mantar,Mantar,Sebze,🍄,1 porsiyon,100,,,,"Mantar, beyaz şapkalı",08.01.0041,24,1.5,4.47,1.73,1.88,0.41,,7,431,3,1.08,11,86,0.65,4.8,,,,,,,,,,,,
karpuz,Karpuz,Meyve,🍉,1 dilim,280,,,,"Karpuz, çekirdekli",08.01.0029,30,0.13,7.34,5.63,0.54,0.14,,3,112,9,0.23,12,11,0.17,6.5,,,,,,,,,,,,
kavun,Kavun,Meyve,🍈,1 dilim,160,,,,"Kavun, kışlık Kırkağaç",08.01.0032,31,0.28,7.37,4.89,0.65,0.21,,8,247,15,0.26,15,6,0.14,18.8,,,,,,,,,,,,
elma,Elma,Meyve,🍎,1 orta boy,150,,,,"Elma, yazlık, Gala çeşidi",09.01.0015,58,0.33,13.81,11.19,1.91,0.61,,3,138,7,0.26,8,12,0.03,4.5,,,,,,,,,,,,
muz,Muz,Meyve,🍌,1 orta boy,100,,,,"Muz, Anamur çeşidi",09.01.0037,79,0.55,19.83,11.43,1.69,0.11,,2,229,6,0.22,28,15,0.42,8.6,,,,,,,,,,,,
portakal,Portakal,Meyve,🍊,1 orta boy,130,,,,"Portakal, Washington Navel göbekli",09.01.0043,49,0.32,12.23,6.23,1.74,0.24,,4,200,54,0.34,17,31,0.12,45.3,,,,,,,,,,,,
mandalina,Mandalina,Meyve,🍊,1 orta boy,90,,,,"Mandarin, Klemantin",09.01.0033,50,0.47,12.79,5.65,2.09,0.1,,9,227,46,0.37,17,26,0.57,42.4,,,,,,,,,,,,
uzum,Üzüm,Meyve,🍇,1 porsiyon,125,,,,"Üzüm, beyaz, geç mevsim, Müşküle çeşidi",09.01.0049,68,0.47,16.19,12.23,1.39,0.48,,4,229,21,0.52,13,18,0.07,3.5,,,,,,,,,,,,
seftali,Şeftali,Meyve,🍑,1 orta boy,150,,,,"Şeftali, J. Hale çeşidi",09.01.0045,46,0.96,10.81,6.26,1.82,0.3,,3,183,7,0.33,9,24,0.12,6.4,,,,,,,,,,,,
kiraz,Kiraz,Meyve,🍒,1 porsiyon,140,,,,"Kiraz, kırmızı, Ziraat 0900 Napolyon çeşidi",09.01.0028,63,0.91,15.06,14.08,1.7,0.29,,2,162,16,0.17,13,23,0.06,6.6,,,,,,,,,,,,
cilek,Çilek,Meyve,🍓,1 porsiyon,150,,,,Çilek,09.01.0012,32,0.9,6.86,4.55,1.98,0.54,,1,159,47,0.57,16,17,0.13,75.5,,,,,,,,,,,,
limon,Limon,Meyve,🍋,1 adet,60,,,,"Limon, Kütdiken",09.01.0031,39,1.15,8.94,2.35,1.13,0.15,,2,94,30,0.1,9,13,0.07,42.1,,,,,,,,,,,,
kuru_fasulye,Kuru fasulye,Baklagil,🫘,1 porsiyon (kuru),60,,,,"Fasulye, dermason, kuru",08.02.0026,281,21.75,61.59,3.55,32.17,1.35,,16,927,141,4.71,150,367,2.51,,,,,,,,,,,,,
nohut_kuru,Nohut (kuru),Baklagil,🫘,1 porsiyon (kuru),60,,,,"Nohut, Koçbaşı, kuru",07.02.0003,334,18.56,64.38,3.53,23.03,5.33,,19,1171,99,5.92,139,397,3.16,,,,,,,,,,,,,
barbunya_kuru,Barbunya (kuru),Baklagil,🫘,1 porsiyon (kuru),60,,,,"Barbunya fasulyesi, kuru",08.02.0051,299,21.07,62.01,2.41,23.21,1.46,,2,1511,427,8.32,158,420,2.5,,,,,,,,,,,,,
sut_yarim,Süt (yarım yağlı),Süt Ürünleri,🥛,1 su bardağı,200,milk,,sut,"Süt, inek, UHT, yarım yağlı",01.02.0011,47,2.93,5.43,5.7,0,1.52,,51,159,111,0.01,12,82,0.31,,5,,,,,,,,,,,
yogurt_yarim,Yoğurt (yarım yağlı),Süt Ürünleri,🥣,1 su bardağı,200,milk,,sut,"Yoğurt, homojenize, yarım yağlı",01.02.0016,49,4.27,3.91,3.38,0,1.76,,51,189,130,0.03,13,104,0.39,,6,,,,,,,,,,,
tereyagi,Tereyağı,Yağ,🧈,1 tatlı kaşığı,10,milk,,sut,"Tereyağı, kahvaltılık, pastörize",01.02.0014,753,0.19,0.85,0.36,0,83.22,54.079,7,20,15,0.09,1,20,0.06,,191,,,,,,,,,,,
aycicek_yagi,Ayçiçek yağı,Yağ,🌻,1 yemek kaşığı,14,,,,Ayçiçek yağı,05.02.0003,900,0,0,0,0,100,10.382,,,,,,,,,0,,30.917,54.071,,,,,,,,
toz_seker,Toz şeker,Tatlı,🍬,1 çay kaşığı,4,,,,"Şeker, beyaz, küp",10.02.0012,400,0,99.92,98.8,0,0,,14,4,1,0.14,0,16,0,,,,,,,,,,,,,
sofra_tuzu,Sofra tuzu,Sos & Baharat,🧂,1 çay kaşığı,6,,,,"Tuz, sofra, iyotlu",12.02.0023,1,0,0.22,,0,0,,37409,10,40,0.55,3,0,1.34,,,,,,,,,,,,,
bugday_unu,Buğday unu (beyaz),Tahıl,🌾,1 su bardağı,120,gluten,,,"Buğday, un, ekmeklik, tip 650",06.02.0011,353,8.84,77.54,2.16,3.62,1.62,,0,159,69,1.49,28,99,5.93,,,,,,,,,,,,,
yulaf,Yulaf,Tahıl,🥣,3 yemek kaşığı,40,,,,"Yulaf, beyaz",06.01.0003,351,11.35,69.51,0.27,12.24,5.8,,22,468,72,5.91,131,320,2.31,,,,,,,,,,,,,
kola,Kola,İçecek,🥤,1 kutu (330 ml),330,,,,Kola,11.02.0006,43,0,10.65,11.19,0,0,,2,2,239,0,0,15,0.01,,,,,,,,,,,,10.8,
hazir_kahve,Hazır kahve (toz),İçecek,☕,1 tatlı kaşığı,2,,,,"Kahve, çözünebilir",11.02.0004,339,13.76,78.72,3.87,15.85,0.11,,122,4405,120,2.93,293,327,0.4,,,,,,,,,,,,4450,
sutlu_cikolata,Sütlü çikolata,Tatlı,🍫,1 küçük kalıp,30,milk,,sut,"Çikolata, sütlü",10.02.0005,554,5.74,57.48,45.69,4.5,34.48,,,,,,,,,,,,,,,,,,,,11.1,
bitter_cikolata,Bitter çikolata,Tatlı,🍫,2 kare,20,,,,"Çikolata, bitter",10.02.0004,570,4.79,56.8,46.6,1.12,36.26,,,,,,,,,,,,,,,,,,,,52.5,
margarin,Margarin,Yağ,🧈,1 tatlı kaşığı,10,,,,"Margarin, sürülebilir, kahvaltılık",05.02.0007,553,0,1.14,,0,60.9,16.552,,,,,,,,,,0,17.152,22.566,,,,,,,,
biskuvi,Bisküvi (petit beurre),Tahıl,🍪,4 adet,25,gluten,,,"Bisküvi, tatlı (petit beure)",06.02.0028,432,5.59,77.95,18.83,3.44,11.64,,378,143,26,1.7,32,150,0.63,,,,,,,,,,,,,
gofret,Gofret (çikolata kaplı),Tatlı,🍫,1 paket,35,gluten|milk,,sut,"Gofret, kakao kremalı, sütlü çikolata kaplamalı",10.02.0007,453,5.38,74.65,26.54,8.36,16.6,,,,,,,,,,,,,,,,,,,,,
misir_cipsi,Mısır cipsi,Hazır Gıda,🌽,1 küçük paket,30,,,,"Cips, mısır",12.02.0030,530,5.75,61.49,,5.71,30.22,,,,,,,,,,,,,,,,,,,,,
